,gene_set,gene_number, random_state,epoch,train/test,loss,SmoothL1Loss,SmoothL1Loss_rank,pearson,mae,mse,rmse,spearman
2001,low_CV_rank,50,1.0,1000,Test,103.67,1031.398,126.463,0.688,1031.88,3904782.5,1976.052,0.772
4003,low_CV_rank,100,1.0,1000,Test,105.513,1063.397,129.914,0.662,1063.879,4253667.0,2062.442,0.754
6005,low_CV_rank,200,1.0,1000,Test,99.357,1022.56,127.829,0.696,1023.04,3773870.75,1942.645,0.772
8007,low_CV_rank,400,1.0,1000,Test,76.774,778.431,126.29,0.823,778.915,2006124.25,1416.377,0.857
10009,low_CV_rank,600,1.0,1000,Test,68.207,691.852,126.415,0.866,692.341,1473425.125,1213.847,0.867
12011,low_CV_rank,800,1.0,1000,Test,63.027,648.134,126.316,0.919,648.624,1005049.812,1002.522,0.903
14013,low_CV_rank,1000,1.0,1000,Test,61.854,643.626,124.568,0.93,644.114,927845.875,963.248,0.902
16015,low_CV_rank,1500,1.0,1000,Test,60.65,610.105,125.803,0.937,610.595,826412.438,909.072,0.913
18017,low_CV_rank,2000,1.0,1000,Test,62.669,621.649,126.352,0.913,622.136,1004655.0,1002.325,0.911
20019,low_CV_rank,2500,1.0,1000,Test,58.919,566.513,125.707,0.941,567.001,754247.875,868.474,0.927
22021,low_CV_rank,2900,1.0,1000,Test,62.29,658.395,126.531,0.925,658.882,979654.938,989.775,0.897
24023,low_CV_rank,50,2.0,1000,Test,88.198,923.739,128.142,0.767,924.223,2760599.0,1661.505,0.813
26025,low_CV_rank,100,2.0,1000,Test,83.735,854.573,126.35,0.787,855.054,2440820.0,1562.312,0.839
28027,low_CV_rank,200,2.0,1000,Test,90.705,930.625,128.466,0.736,931.108,3063674.75,1750.336,0.805
30029,low_CV_rank,400,2.0,1000,Test,78.798,796.654,126.622,0.788,797.143,2335482.75,1528.229,0.834
32031,low_CV_rank,600,2.0,1000,Test,69.679,715.644,127.267,0.859,716.131,1585450.625,1259.147,0.874
34033,low_CV_rank,800,2.0,1000,Test,66.151,687.452,126.591,0.903,687.94,1200103.5,1095.492,0.895
36035,low_CV_rank,1000,2.0,1000,Test,83.726,851.936,127.579,0.804,852.413,2417448.25,1554.815,0.855
38037,low_CV_rank,1500,2.0,1000,Test,60.205,597.25,126.09,0.934,597.737,817435.375,904.121,0.918
40039,low_CV_rank,2000,2.0,1000,Test,60.442,600.791,125.083,0.928,601.277,868272.062,931.811,0.918
42041,low_CV_rank,2500,2.0,1000,Test,62.303,670.294,124.002,0.923,670.781,1000410.875,1000.205,0.901
44043,low_CV_rank,2900,2.0,1000,Test,61.398,629.765,126.813,0.922,630.253,933377.0,966.114,0.909
46045,low_CV_rank,50,3.0,1000,Test,96.748,984.068,128.482,0.721,984.551,3390384.25,1841.3,0.797
48047,low_CV_rank,100,3.0,1000,Test,92.722,931.078,129.487,0.743,931.561,3048775.25,1746.074,0.817
50049,low_CV_rank,200,3.0,1000,Test,101.465,1031.377,129.323,0.667,1031.858,4027362.75,2006.829,0.74
52051,low_CV_rank,400,3.0,1000,Test,80.96,806.575,127.634,0.787,807.057,2364690.75,1537.755,0.836
54053,low_CV_rank,600,3.0,1000,Test,69.622,700.981,125.237,0.869,701.465,1493173.5,1221.955,0.883
56055,low_CV_rank,800,3.0,1000,Test,62.975,632.698,124.933,0.91,633.185,1057704.875,1028.448,0.901
58057,low_CV_rank,1000,3.0,1000,Test,61.139,618.695,125.982,0.923,619.185,942608.625,970.88,0.907
60059,low_CV_rank,1500,3.0,1000,Test,61.602,635.156,125.986,0.929,635.647,907747.125,952.758,0.906
62061,low_CV_rank,2000,3.0,1000,Test,60.619,596.725,125.473,0.932,597.213,820599.938,905.87,0.92
64063,low_CV_rank,2500,3.0,1000,Test,61.54,635.346,125.839,0.923,635.834,945321.938,972.277,0.902
66065,low_CV_rank,2900,3.0,1000,Test,61.708,657.026,126.826,0.925,657.514,980193.938,990.047,0.9
68067,low_CV_rank,50,4.0,1000,Test,118.984,1217.158,133.324,0.612,1217.639,5140910.0,2267.357,0.7
70069,low_CV_rank,100,4.0,1000,Test,98.358,1021.55,129.067,0.735,1022.031,3396762.0,1843.031,0.803
72071,low_CV_rank,200,4.0,1000,Test,90.53,906.298,127.875,0.74,906.777,3077718.75,1754.343,0.811
74073,low_CV_rank,400,4.0,1000,Test,85.995,891.709,127.911,0.742,892.192,2988203.75,1728.642,0.795
76075,low_CV_rank,600,4.0,1000,Test,100.226,1020.067,129.147,0.697,1020.546,3783344.75,1945.082,0.772
78077,low_CV_rank,800,4.0,1000,Test,63.09,662.61,126.988,0.918,663.099,1012424.75,1006.193,0.899
80079,low_CV_rank,1000,4.0,1000,Test,61.987,630.618,126.452,0.925,631.104,905747.062,951.707,0.909
82081,low_CV_rank,1500,4.0,1000,Test,61.666,646.552,125.826,0.931,647.041,944477.75,971.842,0.899
84083,low_CV_rank,2000,4.0,1000,Test,61.259,625.321,125.797,0.93,625.809,920743.688,959.554,0.905
86085,low_CV_rank,2500,4.0,1000,Test,60.973,614.414,125.613,0.925,614.903,940704.188,969.899,0.918
88087,low_CV_rank,2900,4.0,1000,Test,61.986,637.436,125.697,0.921,637.924,963278.375,981.467,0.905
90089,low_CV_rank,50,5.0,1000,Test,105.466,1082.79,131.795,0.683,1083.272,4061086.75,2015.214,0.764
92091,low_CV_rank,100,5.0,1000,Test,107.32,1109.325,131.205,0.675,1109.807,4250244.5,2061.612,0.763
94093,low_CV_rank,200,5.0,1000,Test,87.339,914.232,126.539,0.775,914.714,2742477.0,1656.043,0.826
96095,low_CV_rank,400,5.0,1000,Test,70.115,735.986,127.597,0.874,736.475,1493991.875,1222.29,0.875
98097,low_CV_rank,600,5.0,1000,Test,69.927,715.243,127.506,0.852,715.731,1615588.0,1271.058,0.862
100099,low_CV_rank,800,5.0,1000,Test,61.214,616.836,126.717,0.931,617.327,842759.938,918.02,0.909
102101,low_CV_rank,1000,5.0,1000,Test,69.61,688.196,127.114,0.852,688.683,1593310.75,1262.264,0.881
104103,low_CV_rank,1500,5.0,1000,Test,61.885,647.975,125.858,0.924,648.463,996519.062,998.258,0.906
106105,low_CV_rank,2000,5.0,1000,Test,62.909,653.135,125.302,0.918,653.621,1012250.062,1006.106,0.898
108107,low_CV_rank,2500,5.0,1000,Test,60.24,599.024,125.29,0.934,599.512,807552.938,898.639,0.914
110109,low_CV_rank,2900,5.0,1000,Test,61.35,644.254,125.115,0.927,644.743,936606.875,967.785,0.901
112111,low_CV_rank,50,6.0,1000,Test,97.765,1015.651,128.434,0.712,1016.133,3551155.5,1884.451,0.78
114113,low_CV_rank,100,6.0,1000,Test,106.101,1109.532,129.572,0.668,1110.015,4210360.5,2051.916,0.746
116115,low_CV_rank,200,6.0,1000,Test,101.35,1017.688,130.338,0.695,1018.169,3830364.0,1957.132,0.781
118117,low_CV_rank,400,6.0,1000,Test,82.728,820.322,127.383,0.774,820.804,2501901.0,1581.74,0.821
120119,low_CV_rank,600,6.0,1000,Test,70.041,702.577,128.085,0.861,703.065,1542370.875,1241.922,0.879
122121,low_CV_rank,800,6.0,1000,Test,61.631,613.246,126.945,0.924,613.733,901847.125,949.656,0.905
124123,low_CV_rank,1000,6.0,1000,Test,61.706,631.661,125.352,0.937,632.148,851194.25,922.602,0.909
126125,low_CV_rank,1500,6.0,1000,Test,61.137,630.312,124.811,0.933,630.8,894173.625,945.608,0.908
128127,low_CV_rank,2000,6.0,1000,Test,62.653,656.725,125.313,0.916,657.214,1069880.625,1034.35,0.901
130129,low_CV_rank,2500,6.0,1000,Test,59.376,573.197,125.54,0.932,573.686,784223.688,885.564,0.921
132131,low_CV_rank,2900,6.0,1000,Test,60.018,598.658,125.766,0.937,599.146,846835.688,920.237,0.913
134133,low_CV_rank,50,7.0,1000,Test,111.063,1138.899,132.204,0.655,1139.38,4501813.0,2121.748,0.73
136135,low_CV_rank,100,7.0,1000,Test,87.918,890.425,127.863,0.762,890.909,2728575.5,1651.84,0.816
138137,low_CV_rank,200,7.0,1000,Test,95.413,979.19,128.953,0.719,979.672,3315303.75,1820.798,0.779
140139,low_CV_rank,400,7.0,1000,Test,78.225,779.005,125.99,0.811,779.491,2139994.75,1462.872,0.85
142141,low_CV_rank,600,7.0,1000,Test,71.78,741.007,127.038,0.849,741.495,1668686.5,1291.776,0.86
144143,low_CV_rank,800,7.0,1000,Test,63.724,659.844,125.821,0.921,660.332,1007938.625,1003.961,0.904
146145,low_CV_rank,1000,7.0,1000,Test,60.879,614.578,125.7,0.921,615.068,921066.438,959.722,0.908
148147,low_CV_rank,1500,7.0,1000,Test,86.414,881.958,128.098,0.758,882.444,2833381.5,1683.265,0.81
150149,low_CV_rank,2000,7.0,1000,Test,59.971,590.268,127.243,0.929,590.755,804615.125,897.003,0.915
152151,low_CV_rank,2500,7.0,1000,Test,61.887,644.255,126.906,0.928,644.747,926379.375,962.486,0.907
154153,low_CV_rank,2900,7.0,1000,Test,61.715,629.147,125.505,0.926,629.636,946820.438,973.047,0.907
156155,low_CV_rank,50,8.0,1000,Test,105.065,1051.301,129.176,0.659,1051.783,4117549.5,2029.175,0.736
158157,low_CV_rank,100,8.0,1000,Test,101.829,1031.036,128.768,0.72,1031.517,3626098.0,1904.232,0.801
160159,low_CV_rank,200,8.0,1000,Test,90.982,937.606,128.268,0.757,938.089,2953395.75,1718.545,0.824
162161,low_CV_rank,400,8.0,1000,Test,91.143,911.395,128.446,0.722,911.881,3214233.5,1792.828,0.784
164163,low_CV_rank,600,8.0,1000,Test,68.526,715.863,126.554,0.878,716.354,1431477.0,1196.443,0.885
166165,low_CV_rank,800,8.0,1000,Test,61.8,641.959,126.577,0.927,642.448,930720.75,964.739,0.9
168167,low_CV_rank,1000,8.0,1000,Test,62.823,668.782,126.634,0.92,669.268,1036223.75,1017.951,0.888
170169,low_CV_rank,1500,8.0,1000,Test,60.099,592.288,126.42,0.94,592.777,735096.375,857.378,0.907
172171,low_CV_rank,2000,8.0,1000,Test,61.759,639.171,125.578,0.921,639.658,1005296.0,1002.645,0.9
174173,low_CV_rank,2500,8.0,1000,Test,60.809,625.821,125.347,0.932,626.311,896569.0,946.873,0.905
176175,low_CV_rank,2900,8.0,1000,Test,61.159,623.503,126.834,0.929,623.992,880651.688,938.43,0.9
178177,low_CV_rank,50,9.0,1000,Test,95.219,987.048,131.01,0.726,987.532,3292654.75,1814.567,0.785
180179,low_CV_rank,100,9.0,1000,Test,92.401,942.55,128.819,0.743,943.033,3085190.25,1756.471,0.799
182181,low_CV_rank,200,9.0,1000,Test,88.771,889.523,127.89,0.759,890.003,2845978.0,1687.003,0.821
184183,low_CV_rank,400,9.0,1000,Test,81.424,832.047,127.125,0.785,832.531,2503155.25,1582.136,0.822
186185,low_CV_rank,600,9.0,1000,Test,68.565,673.345,125.685,0.871,673.827,1444243.375,1201.767,0.884
188187,low_CV_rank,800,9.0,1000,Test,99.921,1035.868,129.966,0.705,1036.345,3833215.75,1957.86,0.779
190189,low_CV_rank,1000,9.0,1000,Test,61.012,612.053,126.122,0.932,612.542,868823.188,932.107,0.912
192191,low_CV_rank,1500,9.0,1000,Test,62.916,646.446,125.328,0.913,646.934,1043320.25,1021.43,0.904
194193,low_CV_rank,2000,9.0,1000,Test,63.185,673.065,126.09,0.917,673.556,1076554.25,1037.571,0.897
196195,low_CV_rank,2500,9.0,1000,Test,60.938,622.099,126.199,0.931,622.583,888955.688,942.844,0.909
198197,low_CV_rank,2900,9.0,1000,Test,60.957,630.574,126.83,0.93,631.059,902835.875,950.177,0.904
200199,low_CV_rank,50,10.0,1000,Test,109.365,1115.898,132.626,0.662,1116.38,4327565.5,2080.28,0.743
202201,low_CV_rank,100,10.0,1000,Test,100.63,1022.653,126.955,0.701,1023.136,3625696.75,1904.126,0.776
204203,low_CV_rank,200,10.0,1000,Test,98.466,1005.566,128.071,0.688,1006.048,3777572.75,1943.598,0.774
206205,low_CV_rank,400,10.0,1000,Test,79.487,835.015,127.461,0.796,835.502,2393288.25,1547.026,0.835
208207,low_CV_rank,600,10.0,1000,Test,66.31,707.539,126.332,0.902,708.026,1268656.25,1126.346,0.887
210209,low_CV_rank,800,10.0,1000,Test,62.311,623.009,125.57,0.921,623.498,967665.75,983.7,0.907
212211,low_CV_rank,1000,10.0,1000,Test,64.595,671.774,125.659,0.906,672.262,1153133.125,1073.84,0.896
214213,low_CV_rank,1500,10.0,1000,Test,61.217,631.767,126.088,0.932,632.254,902262.125,949.875,0.909
216215,low_CV_rank,2000,10.0,1000,Test,60.92,623.422,125.367,0.93,623.909,894287.75,945.668,0.913
218217,low_CV_rank,2500,10.0,1000,Test,60.387,612.68,126.062,0.934,613.166,899436.25,948.386,0.91
220219,low_CV_rank,2900,10.0,1000,Test,61.898,599.886,125.836,0.917,600.372,940767.688,969.932,0.913
222221,high_corr,50,1.0,1000,Test,90.621,950.699,128.395,0.753,951.181,2947481.0,1716.823,0.806
224223,high_corr,100,1.0,1000,Test,80.027,822.634,125.316,0.814,823.115,2150526.0,1466.467,0.852
226225,high_corr,200,1.0,1000,Test,85.197,885.274,126.871,0.772,885.754,2646332.75,1626.755,0.818
228227,high_corr,400,1.0,1000,Test,87.22,897.419,126.784,0.737,897.899,3038024.25,1742.993,0.796
230229,high_corr,600,1.0,1000,Test,70.058,690.22,125.816,0.854,690.708,1620793.375,1273.104,0.874
232231,high_corr,800,1.0,1000,Test,61.659,612.852,125.446,0.926,613.339,934986.5,966.947,0.914
234233,high_corr,1000,1.0,1000,Test,63.404,633.54,125.723,0.908,634.025,1152984.875,1073.771,0.897
236235,high_corr,1500,1.0,1000,Test,59.898,619.675,125.699,0.936,620.164,883841.312,940.128,0.905
238237,high_corr,2000,1.0,1000,Test,60.975,614.751,125.355,0.925,615.241,936732.375,967.849,0.908
240239,high_corr,2500,1.0,1000,Test,61.041,637.615,125.505,0.925,638.099,982942.562,991.435,0.904
242241,high_corr,2900,1.0,1000,Test,57.578,555.665,126.512,0.948,556.15,690419.312,830.915,0.93
244243,high_corr,50,2.0,1000,Test,82.909,819.626,128.681,0.779,820.109,2392449.25,1546.754,0.826
246245,high_corr,100,2.0,1000,Test,90.032,932.516,129.092,0.729,932.998,3197867.25,1788.258,0.792
248247,high_corr,200,2.0,1000,Test,76.517,778.224,125.951,0.813,778.706,2105016.75,1450.868,0.85
250249,high_corr,400,2.0,1000,Test,77.51,802.196,126.572,0.812,802.679,2166386.5,1471.865,0.847
252251,high_corr,600,2.0,1000,Test,77.125,759.812,126.855,0.808,760.295,2163808.75,1470.989,0.854
254253,high_corr,800,2.0,1000,Test,69.077,702.968,125.852,0.868,703.455,1534217.0,1238.635,0.885
256255,high_corr,1000,2.0,1000,Test,66.952,673.461,126.299,0.868,673.952,1473153.125,1213.735,0.879
258257,high_corr,1500,2.0,1000,Test,60.119,627.888,126.244,0.935,628.375,903600.125,950.579,0.905
260259,high_corr,2000,2.0,1000,Test,59.17,571.447,125.346,0.933,571.935,786422.75,886.805,0.922
262261,high_corr,2500,2.0,1000,Test,60.017,633.895,125.833,0.932,634.382,892791.312,944.876,0.905
264263,high_corr,2900,2.0,1000,Test,59.545,608.905,125.789,0.928,609.391,930499.562,964.624,0.912
266265,high_corr,50,3.0,1000,Test,84.559,843.937,127.455,0.779,844.42,2479393.0,1574.609,0.827
268267,high_corr,100,3.0,1000,Test,74.44,757.889,127.02,0.825,758.372,1908726.0,1381.567,0.853
270269,high_corr,200,3.0,1000,Test,73.732,744.072,127.834,0.845,744.553,1759818.625,1326.582,0.866
272271,high_corr,400,3.0,1000,Test,78.07,790.291,126.518,0.809,790.771,2172682.0,1474.002,0.848
274273,high_corr,600,3.0,1000,Test,63.63,637.4,124.621,0.906,637.881,1097965.875,1047.839,0.897
276275,high_corr,800,3.0,1000,Test,64.804,670.166,125.26,0.894,670.655,1276774.75,1129.945,0.879
278277,high_corr,1000,3.0,1000,Test,62.206,599.519,125.077,0.907,600.007,1046493.375,1022.983,0.9
280279,high_corr,1500,3.0,1000,Test,58.992,595.6,124.834,0.94,596.087,833107.125,912.747,0.919
282281,high_corr,2000,3.0,1000,Test,59.874,612.74,125.389,0.939,613.224,810947.375,900.526,0.913
284283,high_corr,2500,3.0,1000,Test,58.853,594.477,125.37,0.943,594.962,758986.062,871.198,0.916
286285,high_corr,2900,3.0,1000,Test,58.485,585.803,124.84,0.946,586.29,750071.75,866.067,0.917
288287,high_corr,50,4.0,1000,Test,73.188,760.761,127.026,0.868,761.243,1571443.75,1253.572,0.864
290289,high_corr,100,4.0,1000,Test,76.958,817.986,127.008,0.828,818.467,2023832.375,1422.615,0.844
292291,high_corr,200,4.0,1000,Test,90.81,918.647,127.591,0.743,919.128,3033971.0,1741.83,0.805
294293,high_corr,400,4.0,1000,Test,74.393,768.91,127.729,0.84,769.39,1912382.125,1382.889,0.866
296295,high_corr,600,4.0,1000,Test,69.425,717.014,125.877,0.856,717.497,1659365.875,1288.164,0.867
298297,high_corr,800,4.0,1000,Test,66.091,679.418,126.166,0.889,679.907,1317113.375,1147.656,0.888
300299,high_corr,1000,4.0,1000,Test,60.747,620.022,126.182,0.921,620.506,962414.688,981.027,0.904
302301,high_corr,1500,4.0,1000,Test,59.639,619.387,126.215,0.93,619.875,930200.25,964.469,0.909
304303,high_corr,2000,4.0,1000,Test,61.068,632.842,126.994,0.921,633.332,1035055.688,1017.377,0.905
306305,high_corr,2500,4.0,1000,Test,58.861,596.681,125.518,0.94,597.168,817051.188,903.909,0.916
308307,high_corr,2900,4.0,1000,Test,59.725,621.877,125.112,0.932,622.364,906674.25,952.194,0.904
310309,high_corr,50,5.0,1000,Test,80.528,830.659,127.762,0.799,831.141,2242421.5,1497.472,0.824
312311,high_corr,100,5.0,1000,Test,82.768,805.074,126.282,0.811,805.557,2214089.75,1487.982,0.873
314313,high_corr,200,5.0,1000,Test,76.819,785.496,125.425,0.818,785.976,2073058.75,1439.812,0.851
316315,high_corr,400,5.0,1000,Test,80.578,841.444,129.081,0.786,841.924,2548440.5,1596.384,0.833
318317,high_corr,600,5.0,1000,Test,66.67,665.054,125.67,0.874,665.535,1391264.0,1179.519,0.89
320319,high_corr,800,5.0,1000,Test,68.884,700.713,126.739,0.847,701.203,1693432.25,1301.319,0.868
322321,high_corr,1000,5.0,1000,Test,63.695,631.582,125.887,0.904,632.076,1101523.375,1049.535,0.9
324323,high_corr,1500,5.0,1000,Test,58.552,571.381,124.381,0.941,571.873,774218.75,879.897,0.926
326325,high_corr,2000,5.0,1000,Test,58.141,573.514,125.03,0.946,574.004,766622.812,875.57,0.927
328327,high_corr,2500,5.0,1000,Test,59.411,619.319,126.046,0.928,619.807,953421.938,976.433,0.912
330329,high_corr,2900,5.0,1000,Test,61.682,663.582,124.63,0.929,664.067,1010565.688,1005.269,0.898
332331,high_corr,50,6.0,1000,Test,75.839,768.35,126.29,0.838,768.833,1787482.75,1336.968,0.855
334333,high_corr,100,6.0,1000,Test,87.704,900.834,127.669,0.775,901.315,2711125.5,1646.55,0.828
336335,high_corr,200,6.0,1000,Test,77.597,792.268,126.209,0.821,792.748,2029605.25,1424.642,0.863
338337,high_corr,400,6.0,1000,Test,82.249,838.013,126.597,0.786,838.494,2546582.75,1595.802,0.847
340339,high_corr,600,6.0,1000,Test,70.998,730.776,125.408,0.848,731.265,1703342.375,1305.122,0.869
342341,high_corr,800,6.0,1000,Test,67.191,675.369,126.46,0.875,675.852,1400435.875,1183.4,0.881
344343,high_corr,1000,6.0,1000,Test,63.023,627.126,125.93,0.905,627.608,1125031.875,1060.675,0.906
346345,high_corr,1500,6.0,1000,Test,58.848,592.418,125.588,0.938,592.907,868125.312,931.732,0.918
348347,high_corr,2000,6.0,1000,Test,61.644,637.878,125.35,0.918,638.368,1018598.812,1009.257,0.907
350349,high_corr,2500,6.0,1000,Test,58.269,576.602,124.281,0.939,577.094,770794.688,877.949,0.923
352351,high_corr,2900,6.0,1000,Test,59.87,615.95,126.288,0.933,616.438,881978.438,939.137,0.91
354353,high_corr,50,7.0,1000,Test,84.632,885.996,127.306,0.777,886.479,2586911.25,1608.388,0.826
356355,high_corr,100,7.0,1000,Test,94.057,979.432,128.383,0.72,979.913,3424217.5,1850.464,0.783
358357,high_corr,200,7.0,1000,Test,83.611,868.115,128.354,0.78,868.596,2560588.0,1600.184,0.825
360359,high_corr,400,7.0,1000,Test,82.879,848.555,127.479,0.798,849.034,2423926.5,1556.896,0.844
362361,high_corr,600,7.0,1000,Test,64.059,640.766,125.493,0.907,641.248,1114430.125,1055.666,0.898
364363,high_corr,800,7.0,1000,Test,64.505,653.455,125.637,0.886,653.938,1267258.0,1125.726,0.884
366365,high_corr,1000,7.0,1000,Test,59.517,594.391,125.289,0.936,594.874,845792.0,919.669,0.916
368367,high_corr,1500,7.0,1000,Test,60.548,622.588,125.247,0.922,623.077,1036160.75,1017.92,0.911
370369,high_corr,2000,7.0,1000,Test,60.422,602.771,126.535,0.926,603.262,909175.312,953.507,0.914
372371,high_corr,2500,7.0,1000,Test,59.889,611.276,124.545,0.938,611.765,870541.125,933.028,0.916
374373,high_corr,2900,7.0,1000,Test,58.779,586.067,125.049,0.936,586.555,818418.438,904.665,0.92
376375,high_corr,50,8.0,1000,Test,80.265,833.529,126.562,0.796,834.01,2308767.0,1519.463,0.824
378377,high_corr,100,8.0,1000,Test,78.749,775.325,127.149,0.79,775.807,2269732.5,1506.563,0.843
380379,high_corr,200,8.0,1000,Test,79.641,807.843,125.315,0.81,808.323,2193567.75,1481.07,0.858
382381,high_corr,400,8.0,1000,Test,78.069,797.671,127.062,0.829,798.15,2077061.0,1441.201,0.873
384383,high_corr,600,8.0,1000,Test,69.89,732.424,126.592,0.852,732.905,1722478.125,1312.432,0.87
386385,high_corr,800,8.0,1000,Test,64.686,660.212,125.736,0.901,660.698,1223422.25,1106.084,0.884
388387,high_corr,1000,8.0,1000,Test,64.953,674.661,126.555,0.897,675.145,1264747.125,1124.61,0.886
390389,high_corr,1500,8.0,1000,Test,59.563,613.616,125.822,0.932,614.104,910368.312,954.132,0.91
392391,high_corr,2000,8.0,1000,Test,59.528,616.633,125.003,0.937,617.119,878882.188,937.487,0.912
394393,high_corr,2500,8.0,1000,Test,58.928,596.533,125.726,0.934,597.018,863270.125,929.123,0.92
396395,high_corr,2900,8.0,1000,Test,60.061,606.051,125.492,0.924,606.539,935848.5,967.393,0.918
398397,high_corr,50,9.0,1000,Test,83.478,867.964,126.942,0.789,868.446,2453570.25,1566.388,0.827
400399,high_corr,100,9.0,1000,Test,86.619,870.39,127.182,0.769,870.871,2759419.5,1661.15,0.834
402401,high_corr,200,9.0,1000,Test,68.974,711.911,124.756,0.877,712.393,1479719.125,1216.437,0.887
404403,high_corr,400,9.0,1000,Test,74.4,763.937,125.408,0.826,764.417,1964944.375,1401.765,0.862
406405,high_corr,600,9.0,1000,Test,62.744,626.658,125.039,0.906,627.14,1127681.0,1061.923,0.906
408407,high_corr,800,9.0,1000,Test,64.526,652.615,125.747,0.897,653.098,1186198.75,1089.128,0.887
410409,high_corr,1000,9.0,1000,Test,61.385,622.909,125.086,0.925,623.398,940230.688,969.655,0.909
412411,high_corr,1500,9.0,1000,Test,59.167,601.782,125.249,0.937,602.273,857270.25,925.889,0.915
414413,high_corr,2000,9.0,1000,Test,58.454,579.594,124.938,0.935,580.082,832143.812,912.219,0.918
416415,high_corr,2500,9.0,1000,Test,59.837,625.785,126.845,0.931,626.275,938383.312,968.702,0.903
418417,high_corr,2900,9.0,1000,Test,59.586,594.783,125.349,0.932,595.273,844936.312,919.204,0.918
420419,high_corr,50,10.0,1000,Test,75.341,752.319,126.144,0.846,752.8,1749564.625,1322.711,0.872
422421,high_corr,100,10.0,1000,Test,84.696,892.981,127.086,0.77,893.462,2743038.75,1656.212,0.824
424423,high_corr,200,10.0,1000,Test,73.089,743.28,126.803,0.846,743.761,1794076.375,1339.431,0.874
426425,high_corr,400,10.0,1000,Test,75.672,767.158,126.334,0.827,767.638,1963024.5,1401.08,0.864
428427,high_corr,600,10.0,1000,Test,70.91,749.45,125.57,0.863,749.933,1618182.625,1272.078,0.871
430429,high_corr,800,10.0,1000,Test,66.427,670.292,125.859,0.875,670.774,1385246.375,1176.965,0.881
432431,high_corr,1000,10.0,1000,Test,60.805,602.821,125.425,0.928,603.309,882338.312,939.329,0.911
434433,high_corr,1500,10.0,1000,Test,59.263,606.998,127.032,0.932,607.488,859241.625,926.953,0.908
436435,high_corr,2000,10.0,1000,Test,60.904,662.77,125.373,0.931,663.255,1021639.125,1010.762,0.901
438437,high_corr,2500,10.0,1000,Test,59.278,613.671,124.92,0.938,614.159,844165.062,918.785,0.914
440439,high_corr,2900,10.0,1000,Test,59.131,606.167,125.456,0.94,606.655,822894.25,907.135,0.914
442441,high_feature,50,1.0,1000,Test,92.424,965.546,128.034,0.734,966.026,3149462.25,1774.672,0.78
444443,high_feature,100,1.0,1000,Test,97.769,1026.184,129.799,0.731,1026.665,3492082.25,1868.711,0.8
446445,high_feature,200,1.0,1000,Test,89.976,923.579,127.729,0.737,924.061,3045942.0,1745.263,0.793
448447,high_feature,400,1.0,1000,Test,94.586,972.075,128.557,0.735,972.556,3357352.0,1832.308,0.808
450449,high_feature,600,1.0,1000,Test,77.541,791.163,126.954,0.816,791.653,2088858.25,1445.288,0.843
452451,high_feature,800,1.0,1000,Test,68.676,708.633,126.039,0.867,709.122,1489097.5,1220.286,0.87
454453,high_feature,1000,1.0,1000,Test,64.049,641.505,125.373,0.9,641.994,1164860.75,1079.287,0.893
456455,high_feature,1500,1.0,1000,Test,61.071,619.67,126.209,0.933,620.159,895713.875,946.422,0.915
458457,high_feature,2000,1.0,1000,Test,59.056,581.126,125.214,0.939,581.612,791026.5,889.397,0.917
460459,high_feature,2500,1.0,1000,Test,61.183,646.247,125.72,0.917,646.736,1063969.375,1031.489,0.899
462461,high_feature,2900,1.0,1000,Test,58.765,577.751,125.292,0.929,578.239,848305.625,921.035,0.92
464463,high_feature,50,2.0,1000,Test,87.978,895.134,127.909,0.773,895.617,2658257.75,1630.416,0.814
466465,high_feature,100,2.0,1000,Test,97.941,988.927,129.651,0.74,989.409,3304450.25,1817.815,0.807
468467,high_feature,200,2.0,1000,Test,89.454,892.996,129.16,0.768,893.476,2762587.5,1662.103,0.832
470469,high_feature,400,2.0,1000,Test,86.484,872.699,126.928,0.78,873.181,2611426.0,1615.991,0.833
472471,high_feature,600,2.0,1000,Test,71.427,718.981,126.514,0.861,719.47,1595600.25,1263.171,0.878
474473,high_feature,800,2.0,1000,Test,64.512,658.783,126.429,0.899,659.268,1194216.25,1092.802,0.895
476475,high_feature,1000,2.0,1000,Test,67.982,677.874,126.988,0.864,678.363,1495799.5,1223.029,0.882
478477,high_feature,1500,2.0,1000,Test,61.395,609.386,125.815,0.924,609.872,939591.062,969.325,0.909
480479,high_feature,2000,2.0,1000,Test,60.016,602.28,124.906,0.937,602.77,835068.875,913.821,0.915
482481,high_feature,2500,2.0,1000,Test,60.798,617.489,125.796,0.932,617.978,868844.812,932.118,0.914
484483,high_feature,2900,2.0,1000,Test,60.73,624.28,126.538,0.925,624.767,940864.875,969.982,0.911
486485,high_feature,50,3.0,1000,Test,104.572,1072.117,128.891,0.668,1072.599,4127943.25,2031.734,0.739
488487,high_feature,100,3.0,1000,Test,94.045,964.66,128.995,0.728,965.142,3295233.5,1815.278,0.795
490489,high_feature,200,3.0,1000,Test,89.431,934.348,126.644,0.752,934.829,2990444.0,1729.29,0.803
492491,high_feature,400,3.0,1000,Test,90.582,934.13,128.457,0.758,934.612,2992067.5,1729.759,0.82
494493,high_feature,600,3.0,1000,Test,67.511,682.392,126.01,0.884,682.882,1297093.625,1138.9,0.887
496495,high_feature,800,3.0,1000,Test,69.632,700.606,126.394,0.861,701.096,1558317.0,1248.326,0.873
498497,high_feature,1000,3.0,1000,Test,64.622,660.018,125.844,0.899,660.509,1177154.75,1084.968,0.892
500499,high_feature,1500,3.0,1000,Test,61.995,626.837,125.591,0.926,627.327,922184.0,960.304,0.911
502501,high_feature,2000,3.0,1000,Test,60.166,605.216,125.338,0.927,605.705,926049.75,962.315,0.912
504503,high_feature,2500,3.0,1000,Test,60.611,632.883,126.161,0.931,633.374,921075.812,959.727,0.903
506505,high_feature,2900,3.0,1000,Test,61.406,662.213,125.784,0.93,662.702,937916.375,968.461,0.898
508507,high_feature,50,4.0,1000,Test,104.189,1071.59,127.822,0.688,1072.072,3922844.0,1980.617,0.746
510509,high_feature,100,4.0,1000,Test,96.478,986.184,129.257,0.703,986.666,3507687.0,1872.882,0.771
512511,high_feature,200,4.0,1000,Test,94.393,965.528,129.419,0.734,966.008,3252735.0,1803.534,0.806
514513,high_feature,400,4.0,1000,Test,75.701,773.443,125.689,0.837,773.924,1850824.625,1360.45,0.859
516515,high_feature,600,4.0,1000,Test,81.139,835.082,127.309,0.774,835.571,2555065.75,1598.457,0.814
518517,high_feature,800,4.0,1000,Test,64.594,679.544,125.896,0.909,680.036,1148777.75,1071.811,0.897
520519,high_feature,1000,4.0,1000,Test,63.935,662.782,126.881,0.911,663.27,1124470.0,1060.41,0.886
522521,high_feature,1500,4.0,1000,Test,62.064,636.199,126.268,0.913,636.689,1036819.188,1018.243,0.905
524523,high_feature,2000,4.0,1000,Test,59.513,596.843,125.417,0.933,597.33,850690.0,922.329,0.918
526525,high_feature,2500,4.0,1000,Test,59.983,613.69,126.201,0.93,614.18,866346.75,930.778,0.91
528527,high_feature,2900,4.0,1000,Test,62.914,640.512,125.933,0.908,641.002,1097561.75,1047.646,0.905
530529,high_feature,50,5.0,1000,Test,97.734,997.735,128.171,0.731,998.217,3368577.0,1835.368,0.799
532531,high_feature,100,5.0,1000,Test,98.94,1000.411,128.118,0.721,1000.891,3487170.25,1867.397,0.786
534533,high_feature,200,5.0,1000,Test,92.868,967.168,129.324,0.744,967.649,3139125.75,1771.758,0.803
536535,high_feature,400,5.0,1000,Test,73.91,775.048,126.63,0.854,775.528,1742421.5,1320.008,0.869
538537,high_feature,600,5.0,1000,Test,66.152,663.399,125.596,0.889,663.89,1257761.5,1121.5,0.899
540539,high_feature,800,5.0,1000,Test,67.77,687.99,125.647,0.88,688.481,1394833.5,1181.031,0.883
542541,high_feature,1000,5.0,1000,Test,66.899,697.823,125.854,0.884,698.306,1444234.5,1201.763,0.886
544543,high_feature,1500,5.0,1000,Test,59.808,602.427,127.054,0.933,602.917,853099.938,923.634,0.916
546545,high_feature,2000,5.0,1000,Test,59.696,599.488,125.587,0.938,599.978,838382.0,915.632,0.911
548547,high_feature,2500,5.0,1000,Test,60.831,643.387,126.335,0.936,643.874,902804.25,950.16,0.9
550549,high_feature,2900,5.0,1000,Test,59.82,611.128,125.355,0.938,611.618,826168.312,908.938,0.913
552551,high_feature,50,6.0,1000,Test,104.439,1072.867,127.586,0.677,1073.349,3870152.25,1967.27,0.748
554553,high_feature,100,6.0,1000,Test,97.157,972.247,126.805,0.73,972.729,3351180.0,1830.623,0.805
556555,high_feature,200,6.0,1000,Test,89.55,927.268,127.925,0.758,927.748,2922029.75,1709.395,0.82
558557,high_feature,400,6.0,1000,Test,82.372,835.689,126.705,0.79,836.17,2422617.25,1556.476,0.846
560559,high_feature,600,6.0,1000,Test,82.959,852.081,127.765,0.757,852.566,2698185.5,1642.615,0.797
562561,high_feature,800,6.0,1000,Test,71.163,730.623,125.52,0.856,731.112,1658573.875,1287.856,0.87
564563,high_feature,1000,6.0,1000,Test,66.789,688.237,125.963,0.886,688.728,1329701.0,1153.127,0.885
566565,high_feature,1500,6.0,1000,Test,84.557,884.827,126.912,0.787,885.307,2608250.75,1615.008,0.831
568567,high_feature,2000,6.0,1000,Test,60.482,618.983,125.723,0.934,619.471,869958.625,932.716,0.912
570569,high_feature,2500,6.0,1000,Test,61.65,632.287,125.52,0.921,632.777,976141.875,987.999,0.904
572571,high_feature,2900,6.0,1000,Test,63.386,657.724,125.503,0.912,658.212,1092697.875,1045.322,0.899
574573,high_feature,50,7.0,1000,Test,94.018,958.139,127.643,0.736,958.622,3097432.75,1759.953,0.797
576575,high_feature,100,7.0,1000,Test,84.987,852.509,126.894,0.782,852.99,2551047.25,1597.2,0.823
578577,high_feature,200,7.0,1000,Test,86.149,878.002,127.421,0.768,878.485,2683974.75,1638.284,0.825
580579,high_feature,400,7.0,1000,Test,84.013,866.452,126.048,0.779,866.934,2631118.25,1622.072,0.825
582581,high_feature,600,7.0,1000,Test,74.863,766.905,127.459,0.808,767.395,2073672.125,1440.025,0.84
584583,high_feature,800,7.0,1000,Test,92.645,927.711,131.63,0.716,928.19,3439727.25,1854.65,0.79
586585,high_feature,1000,7.0,1000,Test,62.027,624.782,126.638,0.921,625.275,948453.25,973.886,0.908
588587,high_feature,1500,7.0,1000,Test,60.576,620.956,125.726,0.936,621.445,854130.812,924.192,0.913
590589,high_feature,2000,7.0,1000,Test,58.679,568.12,126.012,0.938,568.611,764208.812,874.19,0.923
592591,high_feature,2500,7.0,1000,Test,59.538,588.48,125.691,0.944,588.967,779433.062,882.855,0.924
594593,high_feature,2900,7.0,1000,Test,60.155,619.671,125.792,0.932,620.157,868737.938,932.061,0.909
596595,high_feature,50,8.0,1000,Test,87.05,872.936,127.546,0.762,873.416,2763870.5,1662.489,0.823
598597,high_feature,100,8.0,1000,Test,89.247,922.515,128.98,0.762,922.998,2861656.25,1691.643,0.821
600599,high_feature,200,8.0,1000,Test,85.523,897.64,126.577,0.777,898.119,2649291.0,1627.664,0.82
602601,high_feature,400,8.0,1000,Test,86.458,880.428,127.096,0.771,880.906,2720001.5,1649.243,0.823
604603,high_feature,600,8.0,1000,Test,72.585,758.182,126.718,0.86,758.671,1657996.375,1287.632,0.869
606605,high_feature,800,8.0,1000,Test,74.318,799.437,126.472,0.834,799.927,1930605.5,1389.462,0.843
608607,high_feature,1000,8.0,1000,Test,63.892,663.63,126.12,0.91,664.121,1079195.875,1038.844,0.885
610609,high_feature,1500,8.0,1000,Test,60.548,585.396,125.583,0.937,585.884,784860.25,885.923,0.922
612611,high_feature,2000,8.0,1000,Test,63.244,655.22,126.12,0.916,655.71,1048492.062,1023.959,0.901
614613,high_feature,2500,8.0,1000,Test,61.235,622.246,126.02,0.92,622.733,1011236.938,1005.603,0.908
616615,high_feature,2900,8.0,1000,Test,62.561,636.411,126.977,0.913,636.9,1020863.875,1010.378,0.907
618617,high_feature,50,9.0,1000,Test,110.769,1167.733,132.216,0.656,1168.214,4512011.5,2124.15,0.723
620619,high_feature,100,9.0,1000,Test,104.433,1076.066,129.996,0.663,1076.548,4159554.5,2039.499,0.741
622621,high_feature,200,9.0,1000,Test,95.312,981.027,127.291,0.731,981.508,3312903.5,1820.138,0.803
624623,high_feature,400,9.0,1000,Test,78.719,825.114,125.969,0.816,825.595,2152965.75,1467.299,0.843
626625,high_feature,600,9.0,1000,Test,76.522,788.171,126.068,0.812,788.652,2125546.0,1457.925,0.834
628627,high_feature,800,9.0,1000,Test,67.2,683.173,126.572,0.885,683.664,1334870.875,1155.366,0.89
630629,high_feature,1000,9.0,1000,Test,60.447,584.955,124.97,0.928,585.442,855009.0,924.667,0.918
632631,high_feature,1500,9.0,1000,Test,60.451,603.261,127.005,0.919,603.747,948653.812,973.989,0.914
634633,high_feature,2000,9.0,1000,Test,61.654,661.405,125.502,0.929,661.891,996653.5,998.325,0.894
636635,high_feature,2500,9.0,1000,Test,59.984,618.548,125.143,0.932,619.036,864950.562,930.027,0.907
638637,high_feature,2900,9.0,1000,Test,62.226,637.231,124.883,0.917,637.718,1003933.312,1001.965,0.905
640639,high_feature,50,10.0,1000,Test,101.723,1043.795,129.627,0.694,1044.277,3833146.25,1957.842,0.771
642641,high_feature,100,10.0,1000,Test,78.195,771.979,125.1,0.82,772.461,2042721.75,1429.238,0.868
644643,high_feature,200,10.0,1000,Test,92.267,958.386,128.462,0.75,958.867,3151628.25,1775.283,0.813
646645,high_feature,400,10.0,1000,Test,77.763,766.415,126.245,0.797,766.896,2253041.25,1501.013,0.85
648647,high_feature,600,10.0,1000,Test,71.967,735.511,124.995,0.857,736.0,1658288.875,1287.746,0.87
650649,high_feature,800,10.0,1000,Test,76.459,796.212,126.89,0.817,796.703,2078068.0,1441.551,0.833
652651,high_feature,1000,10.0,1000,Test,60.739,605.911,125.44,0.932,606.399,850801.812,922.389,0.912
654653,high_feature,1500,10.0,1000,Test,62.339,617.301,125.81,0.918,617.788,1005248.562,1002.621,0.908
656655,high_feature,2000,10.0,1000,Test,61.241,636.637,126.322,0.925,637.125,969554.312,984.659,0.905
658657,high_feature,2500,10.0,1000,Test,59.975,611.465,125.019,0.934,611.955,868036.312,931.685,0.914
660659,high_feature,2900,10.0,1000,Test,60.833,613.179,126.191,0.926,613.667,896839.438,947.016,0.913
662661,rRNA_ribosome,50,1.0,1000,Test,109.297,1129.977,131.063,0.662,1130.458,4399442.5,2097.485,0.738
664663,rRNA_ribosome,100,1.0,1000,Test,105.381,1075.421,129.924,0.675,1075.902,4177160.75,2043.81,0.757
666665,rRNA_ribosome,200,1.0,1000,Test,85.489,891.805,126.414,0.762,892.286,2742423.75,1656.026,0.815
668667,rRNA_ribosome,400,1.0,1000,Test,83.309,854.789,127.494,0.794,855.271,2494212.25,1579.307,0.841
670669,rRNA_ribosome,600,1.0,1000,Test,68.568,686.675,125.041,0.871,687.158,1486145.875,1219.076,0.884
672671,rRNA_ribosome,800,1.0,1000,Test,66.016,680.309,126.711,0.876,680.792,1414366.25,1189.271,0.88
674673,rRNA_ribosome,1000,1.0,1000,Test,59.513,583.481,125.894,0.933,583.973,800348.438,894.622,0.917
676675,rRNA_ribosome,1500,1.0,1000,Test,60.947,638.883,124.793,0.929,639.372,955231.438,977.359,0.904
678677,rRNA_ribosome,50,2.0,1000,Test,82.583,857.241,127.581,0.809,857.722,2278295.25,1509.402,0.848
680679,rRNA_ribosome,100,2.0,1000,Test,81.066,830.79,126.043,0.809,831.272,2205215.75,1484.997,0.847
682681,rRNA_ribosome,200,2.0,1000,Test,76.57,797.352,126.304,0.816,797.833,2080528.625,1442.404,0.838
684683,rRNA_ribosome,400,2.0,1000,Test,80.566,834.268,127.729,0.786,834.749,2458201.0,1567.865,0.828
686685,rRNA_ribosome,600,2.0,1000,Test,74.391,759.579,125.303,0.821,760.062,2021747.875,1421.882,0.849
688687,rRNA_ribosome,800,2.0,1000,Test,63.711,647.68,125.163,0.906,648.17,1117699.0,1057.213,0.899
690689,rRNA_ribosome,1000,2.0,1000,Test,59.753,607.556,125.722,0.937,608.044,849907.75,921.904,0.914
692691,rRNA_ribosome,1500,2.0,1000,Test,59.16,576.745,125.934,0.932,577.233,818637.625,904.786,0.925
694693,rRNA_ribosome,50,3.0,1000,Test,90.196,937.512,128.466,0.757,937.992,2923187.75,1709.733,0.808
696695,rRNA_ribosome,100,3.0,1000,Test,94.212,971.591,128.843,0.715,972.073,3424080.5,1850.427,0.783
698697,rRNA_ribosome,200,3.0,1000,Test,79.51,793.871,127.815,0.805,794.352,2159777.0,1469.618,0.847
700699,rRNA_ribosome,400,3.0,1000,Test,79.556,792.112,126.601,0.797,792.594,2286660.5,1512.171,0.852
702701,rRNA_ribosome,600,3.0,1000,Test,69.142,695.732,126.292,0.859,696.222,1580135.375,1257.034,0.871
704703,rRNA_ribosome,800,3.0,1000,Test,65.56,669.85,126.384,0.882,670.339,1362653.375,1167.327,0.89
706705,rRNA_ribosome,1000,3.0,1000,Test,61.901,628.975,124.654,0.924,629.466,969678.188,984.722,0.904
708707,rRNA_ribosome,1500,3.0,1000,Test,61.081,633.531,125.903,0.923,634.019,983563.938,991.748,0.904
710709,rRNA_ribosome,50,4.0,1000,Test,93.0,960.542,127.518,0.723,961.023,3282859.25,1811.866,0.791
712711,rRNA_ribosome,100,4.0,1000,Test,82.971,867.138,128.549,0.789,867.618,2443046.0,1563.025,0.825
714713,rRNA_ribosome,200,4.0,1000,Test,75.632,773.461,126.0,0.835,773.941,1920732.0,1385.905,0.857
716715,rRNA_ribosome,400,4.0,1000,Test,80.221,814.99,126.711,0.793,815.471,2384947.0,1544.327,0.839
718717,rRNA_ribosome,600,4.0,1000,Test,69.465,736.866,126.452,0.876,737.349,1472906.0,1213.633,0.883
720719,rRNA_ribosome,800,4.0,1000,Test,63.16,660.669,125.895,0.916,661.159,1120335.25,1058.459,0.9
722721,rRNA_ribosome,1000,4.0,1000,Test,60.957,613.421,125.741,0.925,613.909,903201.312,950.369,0.91
724723,rRNA_ribosome,1500,4.0,1000,Test,59.185,589.733,125.828,0.937,590.221,787433.875,887.375,0.918
726725,rRNA_ribosome,50,5.0,1000,Test,88.672,911.605,127.836,0.782,912.087,2658196.0,1630.397,0.827
728727,rRNA_ribosome,100,5.0,1000,Test,87.228,923.813,127.524,0.772,924.295,2765897.5,1663.099,0.818
730729,rRNA_ribosome,200,5.0,1000,Test,79.752,819.869,126.723,0.802,820.351,2264185.25,1504.721,0.84
732731,rRNA_ribosome,400,5.0,1000,Test,83.446,842.188,128.202,0.777,842.671,2558206.5,1599.439,0.831
734733,rRNA_ribosome,600,5.0,1000,Test,61.441,611.274,125.215,0.915,611.759,1002730.062,1001.364,0.904
736735,rRNA_ribosome,800,5.0,1000,Test,62.499,627.945,125.241,0.913,628.434,1018128.625,1009.024,0.901
738737,rRNA_ribosome,1000,5.0,1000,Test,62.313,620.396,124.916,0.915,620.887,1033147.062,1016.438,0.904
740739,rRNA_ribosome,1500,5.0,1000,Test,60.435,633.973,125.541,0.934,634.463,887125.25,941.873,0.902
742741,rRNA_ribosome,50,6.0,1000,Test,96.504,976.994,129.74,0.711,977.474,3486121.5,1867.116,0.776
744743,rRNA_ribosome,100,6.0,1000,Test,87.339,857.045,127.387,0.766,857.526,2710819.5,1646.457,0.83
746745,rRNA_ribosome,200,6.0,1000,Test,92.659,951.761,127.79,0.707,952.24,3483938.5,1866.531,0.77
748747,rRNA_ribosome,400,6.0,1000,Test,81.799,839.95,125.694,0.778,840.434,2510615.5,1584.492,0.829
750749,rRNA_ribosome,600,6.0,1000,Test,67.852,693.365,126.638,0.881,693.854,1367430.5,1169.372,0.885
752751,rRNA_ribosome,800,6.0,1000,Test,60.771,588.501,127.054,0.927,588.986,856327.562,925.38,0.918
754753,rRNA_ribosome,1000,6.0,1000,Test,61.016,647.665,125.666,0.928,648.152,962970.562,981.311,0.898
756755,rRNA_ribosome,1500,6.0,1000,Test,60.23,613.958,123.696,0.933,614.449,881354.875,938.805,0.907
758757,rRNA_ribosome,50,7.0,1000,Test,98.04,1010.989,129.375,0.725,1011.471,3440373.0,1854.824,0.787
760759,rRNA_ribosome,100,7.0,1000,Test,85.452,879.93,127.577,0.771,880.411,2683206.0,1638.049,0.832
762761,rRNA_ribosome,200,7.0,1000,Test,89.276,899.102,127.991,0.756,899.583,2871869.75,1694.659,0.829
764763,rRNA_ribosome,400,7.0,1000,Test,72.503,756.315,125.41,0.858,756.798,1699849.5,1303.783,0.876
766765,rRNA_ribosome,600,7.0,1000,Test,78.922,804.582,127.185,0.788,805.072,2337210.75,1528.794,0.837
768767,rRNA_ribosome,800,7.0,1000,Test,63.598,643.409,126.093,0.906,643.9,1145431.875,1070.249,0.902
770769,rRNA_ribosome,1000,7.0,1000,Test,68.839,689.225,126.256,0.853,689.713,1613078.375,1270.07,0.871
772771,rRNA_ribosome,1500,7.0,1000,Test,59.276,595.252,124.587,0.932,595.741,869305.75,932.366,0.915
774773,rRNA_ribosome,50,8.0,1000,Test,95.84,987.735,129.841,0.727,988.216,3361656.75,1833.482,0.794
776775,rRNA_ribosome,100,8.0,1000,Test,80.252,828.124,127.802,0.814,828.605,2207900.0,1485.9,0.848
778777,rRNA_ribosome,200,8.0,1000,Test,89.623,929.834,127.06,0.749,930.314,3024587.5,1739.134,0.806
780779,rRNA_ribosome,400,8.0,1000,Test,75.885,769.535,125.409,0.836,770.017,1930368.875,1389.377,0.876
782781,rRNA_ribosome,600,8.0,1000,Test,74.988,736.96,124.854,0.82,737.451,1985910.0,1409.223,0.858
784783,rRNA_ribosome,800,8.0,1000,Test,63.871,642.358,127.753,0.891,642.849,1204831.5,1097.648,0.9
786785,rRNA_ribosome,1000,8.0,1000,Test,61.375,602.115,126.025,0.92,602.599,954525.188,976.998,0.907
788787,rRNA_ribosome,1500,8.0,1000,Test,60.44,633.614,126.006,0.935,634.101,896339.75,946.752,0.903
790789,rRNA_ribosome,50,9.0,1000,Test,95.438,970.05,128.359,0.725,970.531,3263165.5,1806.423,0.796
792791,rRNA_ribosome,100,9.0,1000,Test,99.075,1022.468,130.191,0.736,1022.949,3377950.25,1837.92,0.804
794793,rRNA_ribosome,200,9.0,1000,Test,89.029,881.486,128.052,0.756,881.968,2920517.25,1708.952,0.823
796795,rRNA_ribosome,400,9.0,1000,Test,81.636,846.475,127.293,0.796,846.957,2368338.0,1538.941,0.831
798797,rRNA_ribosome,600,9.0,1000,Test,72.633,749.753,127.852,0.842,750.243,1771781.75,1331.083,0.861
800799,rRNA_ribosome,800,9.0,1000,Test,66.64,671.485,124.838,0.878,671.972,1378663.0,1174.165,0.89
802801,rRNA_ribosome,1000,9.0,1000,Test,58.411,567.391,125.58,0.937,567.88,765896.25,875.155,0.922
804803,rRNA_ribosome,1500,9.0,1000,Test,59.483,605.45,125.127,0.938,605.938,830881.5,911.527,0.913
806805,rRNA_ribosome,50,10.0,1000,Test,108.152,1100.279,131.389,0.654,1100.761,4267680.5,2065.836,0.736
808807,rRNA_ribosome,100,10.0,1000,Test,95.008,993.076,128.38,0.732,993.555,3398226.75,1843.428,0.79
810809,rRNA_ribosome,200,10.0,1000,Test,83.781,849.529,128.13,0.777,850.011,2561703.75,1600.532,0.827
812811,rRNA_ribosome,400,10.0,1000,Test,74.322,750.865,125.263,0.85,751.349,1755364.625,1324.902,0.886
814813,rRNA_ribosome,600,10.0,1000,Test,71.99,714.975,126.154,0.842,715.468,1750826.25,1323.188,0.869
816815,rRNA_ribosome,800,10.0,1000,Test,60.828,633.784,125.116,0.932,634.276,906069.938,951.877,0.907
818817,rRNA_ribosome,1000,10.0,1000,Test,59.462,602.434,124.711,0.943,602.917,790890.25,889.32,0.914
820819,rRNA_ribosome,1500,10.0,1000,Test,59.248,590.692,126.788,0.935,591.183,799211.938,893.987,0.916
822821,tRNA_related,50,1.0,1000,Test,80.819,844.041,126.455,0.824,844.523,2105722.75,1451.111,0.853
824823,tRNA_related,100,1.0,1000,Test,77.941,777.863,128.413,0.811,778.344,2115189.5,1454.369,0.856
826825,tRNA_related,200,1.0,1000,Test,80.957,815.016,127.224,0.794,815.495,2382856.75,1543.651,0.844
828827,tRNA_related,400,1.0,1000,Test,82.879,850.376,126.007,0.781,850.857,2592810.75,1610.221,0.833
830829,tRNA_related,600,1.0,1000,Test,65.093,666.346,125.477,0.898,666.839,1247892.75,1117.091,0.894
832831,tRNA_related,800,1.0,1000,Test,62.119,629.081,125.994,0.918,629.565,1010561.125,1005.267,0.9
834833,tRNA_related,1000,1.0,1000,Test,65.29,658.672,126.464,0.883,659.159,1333797.625,1154.902,0.89
838837,tRNA_related,50,2.0,1000,Test,92.204,942.298,126.918,0.756,942.78,2959234.75,1720.243,0.814
840839,tRNA_related,100,2.0,1000,Test,92.962,974.057,129.85,0.732,974.537,3258715.25,1805.191,0.789
842841,tRNA_related,200,2.0,1000,Test,87.378,908.561,126.933,0.765,909.042,2795048.5,1671.84,0.825
844843,tRNA_related,400,2.0,1000,Test,88.656,879.664,126.793,0.756,880.144,2916912.0,1707.897,0.818
846845,tRNA_related,600,2.0,1000,Test,69.335,713.631,127.575,0.862,714.12,1589552.625,1260.775,0.872
848847,tRNA_related,800,2.0,1000,Test,65.297,672.982,126.196,0.885,673.47,1334829.0,1155.348,0.891
850849,tRNA_related,1000,2.0,1000,Test,60.856,617.184,125.218,0.928,617.67,887853.875,942.26,0.911
854853,tRNA_related,50,3.0,1000,Test,90.453,918.469,127.551,0.745,918.952,2948324.75,1717.069,0.801
856855,tRNA_related,100,3.0,1000,Test,89.788,951.428,127.532,0.764,951.91,2876216.0,1695.941,0.809
858857,tRNA_related,200,3.0,1000,Test,94.482,962.077,128.322,0.713,962.557,3469922.5,1862.773,0.788
860859,tRNA_related,400,3.0,1000,Test,79.335,807.935,127.44,0.801,808.424,2247619.0,1499.206,0.841
862861,tRNA_related,600,3.0,1000,Test,69.094,697.495,125.448,0.859,697.979,1559232.875,1248.693,0.884
864863,tRNA_related,800,3.0,1000,Test,66.511,686.965,126.645,0.89,687.451,1316066.375,1147.199,0.883
866865,tRNA_related,1000,3.0,1000,Test,61.019,617.465,126.371,0.926,617.951,960080.625,979.837,0.913
870869,tRNA_related,50,4.0,1000,Test,91.115,930.085,127.084,0.736,930.565,3056167.5,1748.19,0.789
872871,tRNA_related,100,4.0,1000,Test,99.016,1015.481,131.071,0.696,1015.962,3792077.5,1947.326,0.768
874873,tRNA_related,200,4.0,1000,Test,81.984,822.471,128.488,0.8,822.953,2328276.0,1525.869,0.848
876875,tRNA_related,400,4.0,1000,Test,76.397,765.348,125.533,0.827,765.831,1952512.5,1397.323,0.87
878877,tRNA_related,600,4.0,1000,Test,77.024,794.697,126.326,0.812,795.19,2103043.75,1450.188,0.836
880879,tRNA_related,800,4.0,1000,Test,64.582,659.255,125.273,0.898,659.741,1199777.875,1095.344,0.885
882881,tRNA_related,1000,4.0,1000,Test,60.539,605.084,124.806,0.939,605.573,798868.875,893.795,0.913
886885,tRNA_related,50,5.0,1000,Test,80.373,819.2,126.696,0.799,819.682,2280544.0,1510.147,0.834
888887,tRNA_related,100,5.0,1000,Test,95.182,964.99,128.245,0.738,965.471,3238001.0,1799.445,0.797
890889,tRNA_related,200,5.0,1000,Test,78.504,803.814,126.934,0.817,804.295,2130879.75,1459.753,0.854
892891,tRNA_related,400,5.0,1000,Test,82.647,843.51,126.589,0.77,843.993,2586607.25,1608.293,0.824
894893,tRNA_related,600,5.0,1000,Test,70.063,741.645,126.93,0.859,742.133,1663701.125,1289.845,0.869
896895,tRNA_related,800,5.0,1000,Test,69.186,699.894,125.681,0.86,700.383,1611137.625,1269.306,0.88
898897,tRNA_related,1000,5.0,1000,Test,58.886,573.802,125.61,0.937,574.294,760430.188,872.026,0.92
902901,tRNA_related,50,6.0,1000,Test,90.493,907.194,129.709,0.754,907.676,2912901.5,1706.722,0.821
904903,tRNA_related,100,6.0,1000,Test,89.491,915.377,126.988,0.746,915.858,2978545.5,1725.846,0.809
906905,tRNA_related,200,6.0,1000,Test,92.05,948.691,126.966,0.73,949.171,3235981.0,1798.883,0.798
908907,tRNA_related,400,6.0,1000,Test,80.006,812.318,128.295,0.808,812.8,2234576.0,1494.85,0.846
910909,tRNA_related,600,6.0,1000,Test,64.332,638.332,125.787,0.896,638.821,1165019.25,1079.361,0.904
912911,tRNA_related,800,6.0,1000,Test,65.478,643.74,125.309,0.873,644.227,1364635.625,1168.176,0.886
914913,tRNA_related,1000,6.0,1000,Test,61.845,637.556,125.185,0.91,638.044,1118967.5,1057.813,0.897
918917,tRNA_related,50,7.0,1000,Test,82.194,839.05,127.426,0.796,839.532,2384908.0,1544.315,0.84
920919,tRNA_related,100,7.0,1000,Test,79.818,814.248,126.677,0.798,814.727,2301345.0,1517.018,0.849
922921,tRNA_related,200,7.0,1000,Test,95.886,999.007,126.825,0.716,999.487,3501452.0,1871.217,0.781
924923,tRNA_related,400,7.0,1000,Test,73.789,747.048,126.516,0.839,747.53,1823181.25,1350.252,0.863
926925,tRNA_related,600,7.0,1000,Test,65.895,702.525,124.752,0.9,703.014,1282942.0,1132.67,0.888
928927,tRNA_related,800,7.0,1000,Test,82.742,828.664,126.575,0.772,829.146,2610402.5,1615.674,0.827
930929,tRNA_related,1000,7.0,1000,Test,62.187,596.803,125.575,0.91,597.288,1032435.438,1016.088,0.919
934933,tRNA_related,50,8.0,1000,Test,89.536,921.452,126.185,0.762,921.934,2867603.0,1693.4,0.815
936935,tRNA_related,100,8.0,1000,Test,93.895,972.597,129.45,0.735,973.079,3293656.25,1814.843,0.801
938937,tRNA_related,200,8.0,1000,Test,85.218,853.285,127.227,0.757,853.765,2727323.5,1651.461,0.82
940939,tRNA_related,400,8.0,1000,Test,77.064,773.593,125.956,0.83,774.078,1979763.125,1407.041,0.862
942941,tRNA_related,600,8.0,1000,Test,66.501,712.903,125.967,0.888,713.39,1429576.0,1195.649,0.877
944943,tRNA_related,800,8.0,1000,Test,62.537,622.363,125.59,0.91,622.851,1032658.938,1016.198,0.899
946945,tRNA_related,1000,8.0,1000,Test,61.548,626.81,126.416,0.925,627.299,941740.0,970.433,0.91
950949,tRNA_related,50,9.0,1000,Test,96.318,1000.494,127.783,0.73,1000.976,3296134.0,1815.526,0.786
952951,tRNA_related,100,9.0,1000,Test,103.231,1055.354,131.92,0.675,1055.835,4022765.0,2005.683,0.756
954953,tRNA_related,200,9.0,1000,Test,81.157,817.906,128.593,0.785,818.385,2464589.75,1569.901,0.837
956955,tRNA_related,400,9.0,1000,Test,75.317,764.532,126.09,0.845,765.014,1829323.875,1352.525,0.88
958957,tRNA_related,600,9.0,1000,Test,60.353,606.679,126.284,0.942,607.169,783711.188,885.275,0.906
960959,tRNA_related,800,9.0,1000,Test,63.408,643.277,125.377,0.907,643.761,1121748.5,1059.126,0.894
962961,tRNA_related,1000,9.0,1000,Test,62.272,614.479,126.259,0.913,614.968,1002959.875,1001.479,0.913
966965,tRNA_related,50,10.0,1000,Test,84.109,885.415,128.865,0.791,885.898,2462082.25,1569.102,0.824
968967,tRNA_related,100,10.0,1000,Test,101.278,1049.719,129.666,0.708,1050.2,3735796.5,1932.821,0.779
970969,tRNA_related,200,10.0,1000,Test,89.581,927.626,129.845,0.745,928.107,3021283.25,1738.184,0.801
972971,tRNA_related,400,10.0,1000,Test,83.15,868.677,127.42,0.79,869.158,2493219.5,1578.993,0.83
974973,tRNA_related,600,10.0,1000,Test,70.839,724.511,126.263,0.852,725.0,1681214.375,1296.616,0.87
976975,tRNA_related,800,10.0,1000,Test,67.028,673.86,124.934,0.874,674.348,1400944.125,1183.615,0.881
978977,tRNA_related,1000,10.0,1000,Test,62.661,657.372,125.745,0.924,657.862,998209.312,999.104,0.903
982981,random,50,1.0,1000,Test,85.943,850.271,128.387,0.78,850.753,2504040.75,1582.416,0.829
984983,random,100,1.0,1000,Test,85.631,848.676,128.025,0.765,849.158,2668676.75,1633.609,0.817
986985,random,200,1.0,1000,Test,78.465,794.096,127.267,0.815,794.578,2118969.0,1455.668,0.857
988987,random,400,1.0,1000,Test,78.69,796.339,126.865,0.796,796.819,2288285.5,1512.708,0.846
990989,random,600,1.0,1000,Test,75.02,784.526,126.78,0.844,785.006,1900911.125,1378.735,0.869
992991,random,800,1.0,1000,Test,67.027,697.546,126.186,0.878,698.03,1389607.0,1178.816,0.881
994993,random,1000,1.0,1000,Test,72.37,726.107,126.717,0.832,726.592,1920365.5,1385.773,0.863
996995,random,1500,1.0,1000,Test,59.69,615.998,125.494,0.942,616.484,817241.5,904.014,0.907
998997,random,2000,1.0,1000,Test,59.444,604.914,124.871,0.94,605.404,779152.375,882.696,0.917
1000999,random,2500,1.0,1000,Test,59.312,603.367,125.466,0.932,603.859,871272.125,933.42,0.914
1003001,random,3000,1.0,1000,Test,60.906,658.5,126.446,0.927,658.989,1047180.062,1023.318,0.905
1005003,random,4000,1.0,1000,Test,58.861,593.379,125.471,0.941,593.87,761859.062,872.845,0.916
1007005,random,5000,1.0,1000,Test,59.385,608.435,124.731,0.936,608.923,885686.25,941.109,0.914
1009007,random,6000,1.0,1000,Test,59.297,600.434,125.485,0.937,600.921,836830.812,914.785,0.92
1011009,random,8000,1.0,1000,Test,59.601,616.555,125.958,0.933,617.044,872212.75,933.923,0.913
1013011,random,10000,1.0,1000,Test,59.215,599.514,126.076,0.935,600.0,839172.625,916.064,0.914
1015013,random,12000,1.0,1000,Test,58.864,590.345,125.529,0.944,590.83,754456.062,868.594,0.92
1017015,random,14000,1.0,1000,Test,58.208,573.703,124.816,0.939,574.188,762189.5,873.035,0.919
1019017,random,16000,1.0,1000,Test,58.995,596.951,124.608,0.941,597.439,842390.938,917.819,0.913
1021019,random,50,2.0,1000,Test,79.834,803.936,127.882,0.799,804.418,2220592.25,1490.165,0.834
1023021,random,100,2.0,1000,Test,82.243,854.738,126.717,0.8,855.219,2358470.0,1535.731,0.839
1025023,random,200,2.0,1000,Test,78.614,826.753,128.059,0.819,827.236,2167386.25,1472.205,0.847
1027025,random,400,2.0,1000,Test,79.017,807.809,124.909,0.804,808.289,2305110.0,1518.259,0.855
1029027,random,600,2.0,1000,Test,68.481,696.36,125.518,0.878,696.84,1446967.5,1202.9,0.892
1031029,random,800,2.0,1000,Test,65.907,664.925,126.298,0.879,665.409,1324538.0,1150.886,0.88
1033031,random,1000,2.0,1000,Test,67.748,691.393,126.325,0.87,691.878,1482151.625,1217.437,0.878
1035033,random,1500,2.0,1000,Test,58.661,581.469,124.673,0.944,581.96,781684.812,884.129,0.92
1037035,random,2000,2.0,1000,Test,60.254,634.586,126.356,0.93,635.078,936544.938,967.753,0.908
1039037,random,2500,2.0,1000,Test,59.03,596.441,125.477,0.933,596.935,852095.625,923.09,0.915
1041039,random,3000,2.0,1000,Test,59.546,604.847,125.613,0.934,605.335,857195.688,925.849,0.917
1043041,random,4000,2.0,1000,Test,58.526,584.944,125.362,0.943,585.435,769426.688,877.17,0.92
1045043,random,5000,2.0,1000,Test,58.882,584.094,125.468,0.94,584.58,789606.688,888.598,0.923
1047045,random,6000,2.0,1000,Test,60.068,634.997,125.548,0.933,635.483,918124.5,958.188,0.91
1049047,random,8000,2.0,1000,Test,58.499,587.812,125.549,0.936,588.298,829837.188,910.954,0.922
1051049,random,10000,2.0,1000,Test,59.511,615.219,125.724,0.946,615.705,850484.375,922.217,0.914
1053051,random,12000,2.0,1000,Test,58.477,580.835,124.996,0.943,581.321,785851.75,886.483,0.923
1055053,random,14000,2.0,1000,Test,60.088,632.532,125.414,0.942,633.017,812765.875,901.535,0.904
1057055,random,16000,2.0,1000,Test,58.9,594.931,126.158,0.943,595.418,794962.562,891.607,0.918
1059057,random,50,3.0,1000,Test,79.146,812.255,126.822,0.82,812.738,2016051.375,1419.877,0.845
1061059,random,100,3.0,1000,Test,73.002,756.082,126.632,0.85,756.563,1731043.875,1315.691,0.864
1063061,random,200,3.0,1000,Test,77.122,804.995,126.416,0.817,805.475,2144743.25,1464.494,0.849
1065063,random,400,3.0,1000,Test,77.016,781.937,125.734,0.826,782.418,2075495.875,1440.658,0.866
1067065,random,600,3.0,1000,Test,76.253,761.401,125.771,0.82,761.883,2038199.125,1427.655,0.864
1069067,random,800,3.0,1000,Test,64.363,669.026,125.42,0.898,669.509,1255905.0,1120.672,0.893
1071069,random,1000,3.0,1000,Test,64.84,674.268,125.49,0.893,674.751,1250609.125,1118.306,0.895
1073071,random,1500,3.0,1000,Test,59.631,615.162,125.239,0.937,615.651,910485.125,954.193,0.917
1075073,random,2000,3.0,1000,Test,58.74,584.938,125.085,0.941,585.427,811478.562,900.821,0.917
1077075,random,2500,3.0,1000,Test,59.461,608.275,125.921,0.938,608.763,837242.312,915.009,0.911
1079077,random,3000,3.0,1000,Test,59.454,604.981,127.105,0.941,605.468,838784.5,915.852,0.913
1081079,random,4000,3.0,1000,Test,60.024,623.934,125.204,0.928,624.422,931112.062,964.941,0.917
1083081,random,5000,3.0,1000,Test,60.355,637.773,126.526,0.929,638.258,958065.312,978.808,0.904
1085083,random,6000,3.0,1000,Test,60.838,657.543,125.813,0.935,658.031,962033.562,980.833,0.9
1087085,random,8000,3.0,1000,Test,59.039,595.146,127.14,0.936,595.636,827661.188,909.759,0.921
1089087,random,10000,3.0,1000,Test,58.085,561.651,124.837,0.943,562.138,736590.0,858.248,0.928
1091089,random,12000,3.0,1000,Test,60.956,657.075,125.771,0.933,657.559,950381.062,974.875,0.895
1093091,random,14000,3.0,1000,Test,59.135,601.907,125.996,0.934,602.394,907326.812,952.537,0.919
1095093,random,16000,3.0,1000,Test,58.869,589.229,127.181,0.939,589.714,809468.375,899.705,0.919
1097095,random,50,4.0,1000,Test,76.929,805.732,126.626,0.833,806.215,1931263.125,1389.699,0.848
1099097,random,100,4.0,1000,Test,78.988,782.264,125.206,0.808,782.745,2163967.5,1471.043,0.851
1101099,random,200,4.0,1000,Test,75.338,784.977,126.575,0.838,785.459,1877058.375,1370.058,0.851
1103101,random,400,4.0,1000,Test,79.808,811.224,126.214,0.796,811.704,2408574.0,1551.958,0.835
1105103,random,600,4.0,1000,Test,70.22,703.369,126.31,0.854,703.849,1680730.25,1296.43,0.876
1107105,random,800,4.0,1000,Test,67.389,679.84,126.254,0.879,680.321,1398600.25,1182.624,0.886
1109107,random,1000,4.0,1000,Test,59.703,615.858,125.497,0.935,616.348,908281.75,953.038,0.916
1111109,random,1500,4.0,1000,Test,60.159,628.886,125.004,0.935,629.38,896488.312,946.831,0.902
1113111,random,2000,4.0,1000,Test,59.572,596.326,124.676,0.933,596.814,874839.0,935.328,0.916
1115113,random,2500,4.0,1000,Test,60.082,603.003,125.105,0.93,603.492,895580.938,946.351,0.913
1117115,random,3000,4.0,1000,Test,58.583,582.621,125.268,0.936,583.114,818522.5,904.722,0.919
1119117,random,4000,4.0,1000,Test,58.68,586.974,126.066,0.937,587.462,838603.875,915.753,0.919
1121119,random,5000,4.0,1000,Test,60.268,640.358,127.253,0.94,640.848,895454.562,946.285,0.905
1123121,random,6000,4.0,1000,Test,58.89,592.719,124.599,0.943,593.206,781605.562,884.085,0.92
1125123,random,8000,4.0,1000,Test,60.14,635.428,125.084,0.934,635.914,920591.062,959.474,0.907
1127125,random,10000,4.0,1000,Test,59.48,615.287,125.329,0.937,615.774,807039.625,898.354,0.909
1129127,random,12000,4.0,1000,Test,59.958,628.158,125.866,0.929,628.644,924740.312,961.634,0.906
1131129,random,14000,4.0,1000,Test,59.672,618.957,125.55,0.941,619.444,804173.625,896.757,0.91
1133131,random,16000,4.0,1000,Test,59.569,615.015,126.665,0.941,615.503,850796.625,922.386,0.91
1135133,random,50,5.0,1000,Test,80.554,805.87,127.448,0.8,806.352,2213411.25,1487.754,0.828
1137135,random,100,5.0,1000,Test,89.652,933.504,127.526,0.749,933.986,3032509.0,1741.41,0.811
1139137,random,200,5.0,1000,Test,85.885,902.357,126.563,0.759,902.839,2900058.0,1702.956,0.825
1141139,random,400,5.0,1000,Test,85.451,889.729,126.908,0.754,890.21,2832535.25,1683.014,0.803
1143141,random,600,5.0,1000,Test,75.399,784.122,127.182,0.819,784.603,2085155.375,1444.007,0.855
1145143,random,800,5.0,1000,Test,69.641,710.328,126.602,0.847,710.819,1685755.0,1298.366,0.865
1147145,random,1000,5.0,1000,Test,68.711,683.797,125.197,0.858,684.279,1650758.5,1284.818,0.88
1149147,random,1500,5.0,1000,Test,61.118,629.99,125.496,0.929,630.476,944557.875,971.884,0.905
1151149,random,2000,5.0,1000,Test,59.094,584.982,125.874,0.93,585.471,830041.938,911.066,0.919
1153151,random,2500,5.0,1000,Test,61.068,630.652,126.171,0.927,631.141,966130.875,982.92,0.909
1155153,random,3000,5.0,1000,Test,60.436,614.583,125.897,0.927,615.068,947426.562,973.358,0.916
1157155,random,4000,5.0,1000,Test,59.615,616.661,125.784,0.937,617.15,862369.5,928.639,0.906
1159157,random,5000,5.0,1000,Test,59.044,591.238,125.53,0.946,591.725,786955.312,887.105,0.924
1161159,random,6000,5.0,1000,Test,58.936,597.648,125.309,0.934,598.136,854763.25,924.534,0.914
1163161,random,8000,5.0,1000,Test,59.723,619.389,125.576,0.941,619.875,859929.688,927.324,0.91
1165163,random,10000,5.0,1000,Test,59.058,597.793,125.805,0.941,598.279,815335.5,902.959,0.919
1167165,random,12000,5.0,1000,Test,58.638,586.949,126.575,0.939,587.435,831122.312,911.659,0.923
1169167,random,14000,5.0,1000,Test,60.168,632.778,126.249,0.929,633.262,938426.312,968.724,0.907
1171169,random,16000,5.0,1000,Test,58.445,580.385,125.024,0.945,580.87,776279.0,881.067,0.921
1173171,random,50,6.0,1000,Test,81.756,836.262,126.508,0.802,836.744,2327077.25,1525.476,0.852
1175173,random,100,6.0,1000,Test,79.076,797.333,126.121,0.815,797.815,2119532.25,1455.861,0.853
1177175,random,200,6.0,1000,Test,84.244,853.591,125.289,0.783,854.072,2598286.5,1611.92,0.85
1179177,random,400,6.0,1000,Test,77.011,793.526,126.842,0.817,794.006,2104174.75,1450.577,0.848
1181179,random,600,6.0,1000,Test,73.681,789.484,126.899,0.841,789.973,1943555.125,1394.115,0.853
1183181,random,800,6.0,1000,Test,63.869,628.645,127.469,0.903,629.134,1132365.875,1064.127,0.905
1185183,random,1000,6.0,1000,Test,62.853,639.223,125.781,0.908,639.711,1129249.25,1062.661,0.894
1187185,random,1500,6.0,1000,Test,62.195,625.268,125.013,0.908,625.76,1066323.125,1032.629,0.903
1189187,random,2000,6.0,1000,Test,59.245,601.682,126.564,0.936,602.17,790586.5,889.149,0.914
1191189,random,2500,6.0,1000,Test,58.62,578.873,124.877,0.938,579.362,820559.688,905.847,0.924
1193191,random,3000,6.0,1000,Test,58.712,586.674,125.304,0.94,587.161,822021.188,906.654,0.922
1195193,random,4000,6.0,1000,Test,60.593,592.359,125.124,0.924,592.845,922287.75,960.358,0.917
1197195,random,5000,6.0,1000,Test,60.049,614.378,125.724,0.936,614.866,850378.062,922.159,0.915
1199197,random,6000,6.0,1000,Test,60.318,638.954,125.292,0.94,639.44,888846.438,942.786,0.903
1201199,random,8000,6.0,1000,Test,59.008,598.608,124.575,0.942,599.093,797410.062,892.978,0.913
1203201,random,10000,6.0,1000,Test,59.378,611.735,125.813,0.931,612.223,954773.875,977.125,0.916
1205203,random,12000,6.0,1000,Test,58.684,590.363,126.533,0.937,590.848,829231.812,910.622,0.922
1207205,random,14000,6.0,1000,Test,59.045,601.361,126.662,0.939,601.848,837342.188,915.064,0.918
1209207,random,16000,6.0,1000,Test,59.194,603.2,126.42,0.934,603.685,863121.062,929.043,0.915
1211209,random,50,7.0,1000,Test,90.581,945.123,127.006,0.759,945.604,2842483.25,1685.967,0.805
1213211,random,100,7.0,1000,Test,86.502,870.951,127.172,0.748,871.432,2845229.25,1686.781,0.804
1215213,random,200,7.0,1000,Test,77.828,776.572,126.93,0.809,777.052,2146083.5,1464.952,0.851
1217215,random,400,7.0,1000,Test,80.099,818.017,127.721,0.789,818.498,2366300.25,1538.278,0.837
1219217,random,600,7.0,1000,Test,69.965,694.466,126.701,0.845,694.948,1693514.0,1301.351,0.872
1221219,random,800,7.0,1000,Test,70.407,731.212,126.202,0.847,731.701,1720615.75,1311.722,0.864
1223221,random,1000,7.0,1000,Test,59.993,604.585,125.444,0.932,605.069,906008.062,951.845,0.914
1225223,random,1500,7.0,1000,Test,59.795,616.947,126.759,0.927,617.44,921481.938,959.939,0.912
1227225,random,2000,7.0,1000,Test,58.216,567.6,124.839,0.942,568.092,729668.438,854.206,0.928
1229227,random,2500,7.0,1000,Test,61.597,656.553,125.385,0.92,657.044,1059424.375,1029.283,0.899
1231229,random,3000,7.0,1000,Test,59.826,589.14,125.898,0.932,589.63,863988.938,929.51,0.917
1233231,random,4000,7.0,1000,Test,61.462,629.579,125.296,0.915,630.068,1022259.438,1011.068,0.905
1235233,random,5000,7.0,1000,Test,58.68,573.202,125.304,0.939,573.691,769316.625,877.107,0.927
1237235,random,6000,7.0,1000,Test,58.96,579.026,124.611,0.937,579.513,785987.188,886.559,0.922
1239237,random,8000,7.0,1000,Test,58.672,586.325,125.544,0.943,586.811,805866.375,897.701,0.917
1241239,random,10000,7.0,1000,Test,60.349,639.214,125.56,0.943,639.702,841637.188,917.408,0.9
1243241,random,12000,7.0,1000,Test,59.534,615.199,125.265,0.937,615.684,933094.5,965.968,0.915
1245243,random,14000,7.0,1000,Test,62.391,704.985,127.426,0.92,705.472,1137639.125,1066.602,0.883
1247245,random,16000,7.0,1000,Test,58.675,588.221,125.849,0.933,588.705,866389.875,930.801,0.919
1249247,random,50,8.0,1000,Test,91.25,915.162,128.383,0.731,915.644,3097136.25,1759.868,0.796
1251249,random,100,8.0,1000,Test,77.758,792.303,127.058,0.823,792.784,2041406.875,1428.778,0.853
1253251,random,200,8.0,1000,Test,83.174,820.399,126.369,0.808,820.878,2293680.25,1514.49,0.866
1255253,random,400,8.0,1000,Test,72.742,732.843,126.358,0.837,733.323,1797897.125,1340.857,0.866
1257255,random,600,8.0,1000,Test,75.201,782.668,125.934,0.829,783.156,1991251.375,1411.117,0.855
1259257,random,800,8.0,1000,Test,69.17,705.229,125.98,0.867,705.722,1560191.5,1249.076,0.866
1261259,random,1000,8.0,1000,Test,64.125,638.416,125.547,0.892,638.899,1242943.625,1114.874,0.893
1263261,random,1500,8.0,1000,Test,59.768,619.033,126.215,0.928,619.52,928011.188,963.333,0.908
1265263,random,2000,8.0,1000,Test,60.024,628.13,125.048,0.934,628.62,904482.5,951.043,0.91
1267265,random,2500,8.0,1000,Test,58.898,591.173,125.737,0.939,591.663,811095.75,900.609,0.915
1269267,random,3000,8.0,1000,Test,58.722,588.506,125.305,0.935,588.996,827233.625,909.524,0.92
1271269,random,4000,8.0,1000,Test,61.813,650.573,125.667,0.924,651.062,964642.812,982.162,0.905
1273271,random,5000,8.0,1000,Test,59.922,624.048,125.955,0.934,624.535,908859.438,953.341,0.909
1275273,random,6000,8.0,1000,Test,57.934,564.801,125.87,0.942,565.29,725002.625,851.471,0.927
1277275,random,8000,8.0,1000,Test,59.578,616.25,123.984,0.943,616.737,828269.938,910.093,0.906
1279277,random,10000,8.0,1000,Test,58.578,581.932,126.658,0.943,582.419,789586.125,888.587,0.917
1281279,random,12000,8.0,1000,Test,58.497,583.987,125.565,0.937,584.473,846113.938,919.845,0.918
1283281,random,14000,8.0,1000,Test,60.153,635.281,125.755,0.943,635.766,852497.375,923.308,0.901
1285283,random,16000,8.0,1000,Test,59.323,610.656,125.737,0.938,611.142,849600.75,921.738,0.917
1287285,random,50,9.0,1000,Test,79.19,776.57,127.071,0.827,777.054,1936822.875,1391.698,0.86
1289287,random,100,9.0,1000,Test,74.381,775.434,127.693,0.833,775.916,1852271.75,1360.982,0.85
1291289,random,200,9.0,1000,Test,82.987,881.583,128.577,0.766,882.063,2690572.0,1640.296,0.809
1293291,random,400,9.0,1000,Test,76.253,756.182,126.769,0.81,756.664,2157255.75,1468.76,0.862
1295293,random,600,9.0,1000,Test,68.59,705.965,125.275,0.869,706.445,1489985.625,1220.65,0.885
1297295,random,800,9.0,1000,Test,68.971,708.823,127.027,0.849,709.316,1659778.0,1288.324,0.865
1299297,random,1000,9.0,1000,Test,61.849,621.837,125.404,0.917,622.321,1004396.812,1002.196,0.906
1301299,random,1500,9.0,1000,Test,60.421,633.809,125.228,0.932,634.301,939582.125,969.32,0.906
1303301,random,2000,9.0,1000,Test,60.18,593.059,126.586,0.933,593.548,851755.938,922.906,0.916
1305303,random,2500,9.0,1000,Test,59.488,608.762,125.808,0.939,609.253,864242.312,929.646,0.912
1307305,random,3000,9.0,1000,Test,60.884,628.214,125.478,0.925,628.7,930811.812,964.786,0.912
1309307,random,4000,9.0,1000,Test,58.861,596.08,125.306,0.931,596.567,853126.438,923.648,0.916
1311309,random,5000,9.0,1000,Test,61.108,650.206,125.195,0.929,650.695,986301.5,993.127,0.904
1313311,random,6000,9.0,1000,Test,59.672,615.767,124.99,0.931,616.256,902344.875,949.918,0.91
1315313,random,8000,9.0,1000,Test,59.614,619.242,125.116,0.938,619.728,860611.5,927.691,0.913
1317315,random,10000,9.0,1000,Test,59.874,626.779,127.002,0.933,627.263,928988.375,963.84,0.907
1319317,random,12000,9.0,1000,Test,58.877,592.504,125.805,0.937,592.991,832599.5,912.469,0.921
1321319,random,14000,9.0,1000,Test,59.289,606.402,125.066,0.932,606.888,861521.125,928.182,0.912
1323321,random,16000,9.0,1000,Test,59.757,619.963,126.321,0.943,620.45,816150.5,903.41,0.904
1325323,random,50,10.0,1000,Test,81.733,808.821,127.629,0.814,809.303,2144566.25,1464.434,0.855
1327325,random,100,10.0,1000,Test,76.663,799.622,126.977,0.837,800.104,1904197.375,1379.927,0.856
1329327,random,200,10.0,1000,Test,80.102,787.421,127.357,0.815,787.903,2147428.5,1465.411,0.87
1331329,random,400,10.0,1000,Test,72.497,742.936,125.107,0.85,743.417,1716268.75,1310.064,0.866
1333331,random,600,10.0,1000,Test,72.319,730.258,126.244,0.853,730.741,1707389.0,1306.671,0.878
1335333,random,800,10.0,1000,Test,72.642,761.226,125.545,0.839,761.708,1829025.125,1352.415,0.853
1337335,random,1000,10.0,1000,Test,62.313,637.797,126.605,0.918,638.281,1012260.938,1006.112,0.905
1339337,random,1500,10.0,1000,Test,58.615,577.146,126.11,0.943,577.636,750726.938,866.445,0.924
1341339,random,2000,10.0,1000,Test,59.993,610.268,125.181,0.933,610.76,856636.562,925.547,0.912
1343341,random,2500,10.0,1000,Test,58.267,551.61,125.427,0.946,552.101,691689.062,831.678,0.932
1345343,random,3000,10.0,1000,Test,59.134,597.017,124.982,0.939,597.507,832638.75,912.49,0.916
1347345,random,4000,10.0,1000,Test,60.772,656.985,126.886,0.935,657.473,940457.688,969.772,0.898
1349347,random,5000,10.0,1000,Test,59.775,618.691,126.513,0.934,619.178,861289.25,928.057,0.91
1351349,random,6000,10.0,1000,Test,59.233,605.502,125.451,0.941,605.987,834557.25,913.541,0.915
1353351,random,8000,10.0,1000,Test,59.926,623.535,125.22,0.937,624.021,892323.0,944.628,0.907
1355353,random,10000,10.0,1000,Test,59.554,615.742,125.783,0.927,616.224,967838.562,983.788,0.917
1357355,random,12000,10.0,1000,Test,60.035,630.46,126.136,0.933,630.947,925933.25,962.254,0.902
1359357,random,14000,10.0,1000,Test,58.365,572.034,126.207,0.938,572.521,766969.875,875.768,0.924
1361555,HK,50,1.0,1000,Test,115.542,1200.343,129.066,0.622,1200.826,4882090.5,2209.545,0.699
1363557,HK,100,1.0,1000,Test,108.112,1100.825,128.324,0.672,1101.307,4188152.0,2046.497,0.752
1365559,HK,200,1.0,1000,Test,88.878,904.683,127.652,0.765,905.163,2826034.25,1681.081,0.825
1367561,HK,400,1.0,1000,Test,81.729,856.662,128.097,0.793,857.152,2448994.0,1564.926,0.836
1369563,HK,600,1.0,1000,Test,74.795,760.673,126.557,0.819,761.163,1949620.875,1396.288,0.837
1371565,HK,800,1.0,1000,Test,65.538,652.387,125.43,0.882,652.874,1298981.0,1139.729,0.891
1373567,HK,1000,1.0,1000,Test,90.994,927.049,129.997,0.747,927.526,3172761.25,1781.225,0.82
1375569,HK,1500,1.0,1000,Test,59.377,578.291,125.698,0.941,578.782,773015.125,879.213,0.926
1377571,HK,2000,1.0,1000,Test,59.742,594.975,126.073,0.934,595.463,796694.5,892.577,0.916
1379573,HK,2500,1.0,1000,Test,63.037,669.482,125.769,0.922,669.97,1007457.375,1003.722,0.893
1381575,HK,3000,1.0,1000,Test,59.449,596.898,126.098,0.933,597.385,858141.625,926.359,0.917
1383577,HK,50,2.0,1000,Test,86.152,902.712,128.643,0.777,903.193,2607244.5,1614.696,0.815
1385579,HK,100,2.0,1000,Test,95.233,979.8,129.05,0.736,980.281,3275260.0,1809.768,0.796
1387581,HK,200,2.0,1000,Test,91.008,940.716,128.918,0.742,941.198,3105023.0,1762.108,0.812
1389583,HK,400,2.0,1000,Test,85.766,864.681,126.805,0.772,865.159,2677433.75,1636.287,0.831
1391585,HK,600,2.0,1000,Test,71.816,729.48,126.154,0.847,729.969,1703443.5,1305.16,0.863
1393587,HK,800,2.0,1000,Test,62.799,651.497,126.125,0.915,651.98,1071027.125,1034.904,0.893
1395589,HK,1000,2.0,1000,Test,62.333,660.029,125.988,0.92,660.517,1030560.812,1015.165,0.903
1397591,HK,1500,2.0,1000,Test,64.984,679.83,125.055,0.898,680.318,1217162.5,1103.251,0.89
1399593,HK,2000,2.0,1000,Test,61.871,625.405,125.309,0.921,625.891,990063.562,995.019,0.914
1401595,HK,2500,2.0,1000,Test,62.391,646.753,125.76,0.922,647.243,1027026.875,1013.423,0.908
1403597,HK,3000,2.0,1000,Test,60.858,643.689,127.084,0.931,644.177,932519.938,965.671,0.905
1405599,HK,50,3.0,1000,Test,92.919,955.04,127.644,0.752,955.522,3048814.0,1746.085,0.813
1407601,HK,100,3.0,1000,Test,100.405,1023.103,129.837,0.697,1023.586,3766718.0,1940.803,0.773
1409603,HK,200,3.0,1000,Test,100.414,1036.242,130.106,0.704,1036.723,3689647.5,1920.845,0.773
1411605,HK,400,3.0,1000,Test,88.506,914.719,126.025,0.754,915.198,2933058.0,1712.617,0.812
1413607,HK,600,3.0,1000,Test,67.258,699.739,128.069,0.884,700.229,1362887.875,1167.428,0.872
1415609,HK,800,3.0,1000,Test,64.472,681.209,126.879,0.905,681.698,1201135.125,1095.963,0.886
1417611,HK,1000,3.0,1000,Test,61.772,644.281,125.372,0.927,644.772,897735.312,947.489,0.899
1419613,HK,1500,3.0,1000,Test,60.92,611.319,125.801,0.924,611.807,956494.0,978.005,0.916
1421615,HK,2000,3.0,1000,Test,60.117,616.705,125.881,0.934,617.192,878322.688,937.189,0.907
1423617,HK,2500,3.0,1000,Test,59.118,571.52,125.83,0.938,572.006,795223.625,891.753,0.928
1425619,HK,3000,3.0,1000,Test,60.83,603.837,125.312,0.925,604.327,910314.062,954.104,0.912
1427621,HK,50,4.0,1000,Test,98.048,1017.726,127.474,0.719,1018.207,3464759.5,1861.386,0.78
1429623,HK,100,4.0,1000,Test,96.021,993.381,128.834,0.712,993.862,3512450.25,1874.153,0.778
1431625,HK,200,4.0,1000,Test,95.5,969.01,129.083,0.706,969.492,3475205.0,1864.19,0.785
1433627,HK,400,4.0,1000,Test,88.039,897.001,128.229,0.74,897.489,2995245.25,1730.678,0.799
1435629,HK,600,4.0,1000,Test,66.902,661.581,126.92,0.882,662.069,1356780.625,1164.809,0.897
1437631,HK,800,4.0,1000,Test,61.729,602.217,126.594,0.919,602.705,963449.812,981.555,0.913
1439633,HK,1000,4.0,1000,Test,61.78,637.758,125.521,0.922,638.248,967293.0,983.511,0.895
1441635,HK,1500,4.0,1000,Test,63.452,663.416,124.923,0.909,663.906,1123001.625,1059.718,0.901
1443637,HK,2000,4.0,1000,Test,63.176,657.953,126.071,0.913,658.44,1084477.0,1041.382,0.906
1445639,HK,2500,4.0,1000,Test,60.874,611.1,125.58,0.93,611.586,904115.625,950.85,0.916
1447641,HK,3000,4.0,1000,Test,60.371,628.319,125.224,0.93,628.804,900638.625,949.02,0.906
1449643,HK,50,5.0,1000,Test,100.53,1019.118,129.564,0.704,1019.601,3655005.25,1911.807,0.785
1451645,HK,100,5.0,1000,Test,87.319,869.002,127.133,0.759,869.482,2803123.5,1674.253,0.819
1453647,HK,200,5.0,1000,Test,89.778,929.836,128.885,0.751,930.316,2974446.25,1724.658,0.815
1455649,HK,400,5.0,1000,Test,75.158,766.692,126.995,0.826,767.184,1986816.0,1409.545,0.853
1457651,HK,600,5.0,1000,Test,98.101,1010.641,130.875,0.683,1011.119,3897524.0,1974.215,0.766
1459653,HK,800,5.0,1000,Test,65.948,719.923,125.783,0.892,720.413,1345348.375,1159.891,0.878
1461655,HK,1000,5.0,1000,Test,61.135,606.621,125.94,0.926,607.109,902030.562,949.753,0.917
1463657,HK,1500,5.0,1000,Test,60.812,607.256,126.848,0.93,607.745,903453.312,950.502,0.913
1465659,HK,2000,5.0,1000,Test,61.034,615.616,127.037,0.924,616.105,924819.875,961.676,0.911
1467661,HK,2500,5.0,1000,Test,59.631,600.096,125.155,0.929,600.584,874332.25,935.057,0.912
1469663,HK,3000,5.0,1000,Test,60.24,595.534,125.876,0.932,596.022,886728.0,941.662,0.922
1471665,HK,50,6.0,1000,Test,87.246,884.611,128.009,0.765,885.093,2673976.0,1635.23,0.824
1473667,HK,100,6.0,1000,Test,98.943,1007.488,129.551,0.733,1007.97,3399198.5,1843.692,0.803
1475669,HK,200,6.0,1000,Test,95.261,1002.558,128.919,0.719,1003.038,3464057.25,1861.198,0.782
1477671,HK,400,6.0,1000,Test,81.565,844.423,127.247,0.797,844.906,2395749.25,1547.821,0.842
1479673,HK,600,6.0,1000,Test,89.952,932.719,127.033,0.764,933.197,2947363.25,1716.789,0.826
1481675,HK,800,6.0,1000,Test,66.611,664.672,125.855,0.862,665.159,1485586.25,1218.846,0.877
1483677,HK,1000,6.0,1000,Test,61.6,640.121,125.506,0.932,640.613,923186.625,960.826,0.906
1485679,HK,1500,6.0,1000,Test,63.864,651.126,126.181,0.91,651.617,1066846.0,1032.882,0.896
1487681,HK,2000,6.0,1000,Test,60.86,637.686,127.155,0.922,638.174,976441.0,988.15,0.899
1489683,HK,2500,6.0,1000,Test,60.373,620.748,126.357,0.929,621.236,948600.25,973.961,0.91
1491685,HK,3000,6.0,1000,Test,59.308,594.564,126.209,0.938,595.053,819798.375,905.427,0.915
1493687,HK,50,7.0,1000,Test,101.291,1025.87,129.258,0.672,1026.353,3906019.5,1976.365,0.748
1495689,HK,100,7.0,1000,Test,101.36,1029.234,127.917,0.69,1029.715,3802698.0,1950.051,0.767
1497691,HK,200,7.0,1000,Test,94.564,961.349,127.129,0.724,961.83,3461495.5,1860.51,0.806
1499693,HK,400,7.0,1000,Test,76.263,788.701,127.273,0.825,789.188,1998719.375,1413.761,0.852
1501695,HK,600,7.0,1000,Test,65.549,661.815,126.156,0.882,662.304,1307502.125,1143.461,0.88
1503697,HK,800,7.0,1000,Test,66.142,685.96,126.285,0.889,686.444,1274360.875,1128.876,0.891
1505699,HK,1000,7.0,1000,Test,64.119,667.411,126.692,0.895,667.898,1211748.5,1100.794,0.89
1507701,HK,1500,7.0,1000,Test,61.991,647.17,126.238,0.925,647.659,965888.062,982.796,0.907
1509703,HK,2000,7.0,1000,Test,60.834,601.931,125.225,0.922,602.42,905268.438,951.456,0.92
1511705,HK,2500,7.0,1000,Test,61.479,635.656,125.953,0.93,636.141,965085.062,982.387,0.905
1513707,HK,3000,7.0,1000,Test,59.353,596.158,126.342,0.938,596.646,824848.0,908.211,0.917
1515709,HK,50,8.0,1000,Test,103.809,1069.755,130.491,0.693,1070.239,3889266.0,1972.122,0.758
1517711,HK,100,8.0,1000,Test,90.781,938.547,126.407,0.746,939.029,3067311.25,1751.374,0.802
1519713,HK,200,8.0,1000,Test,99.186,1006.309,131.334,0.697,1006.79,3700843.75,1923.758,0.786
1521715,HK,400,8.0,1000,Test,75.481,778.314,125.479,0.84,778.794,1934533.5,1390.875,0.869
1523717,HK,600,8.0,1000,Test,67.05,664.553,127.222,0.877,665.041,1354236.75,1163.717,0.888
1525719,HK,800,8.0,1000,Test,60.792,610.044,124.33,0.923,610.534,954691.0,977.083,0.912
1527721,HK,1000,8.0,1000,Test,60.052,598.546,126.66,0.934,599.034,868788.75,932.088,0.913
1529723,HK,1500,8.0,1000,Test,63.092,663.096,126.887,0.912,663.584,1107812.75,1052.527,0.899
1531725,HK,2000,8.0,1000,Test,60.756,626.069,125.832,0.932,626.556,907534.938,952.646,0.91
1533727,HK,2500,8.0,1000,Test,60.857,637.852,125.64,0.936,638.338,911454.812,954.701,0.914
1535729,HK,3000,8.0,1000,Test,60.844,640.684,125.683,0.928,641.176,1004804.188,1002.399,0.905
1537731,HK,50,9.0,1000,Test,102.487,1022.248,128.878,0.686,1022.729,3867426.0,1966.577,0.764
1539733,HK,100,9.0,1000,Test,110.128,1132.227,131.57,0.631,1132.708,4640134.0,2154.097,0.716
1541735,HK,200,9.0,1000,Test,79.367,799.442,126.988,0.828,799.924,1996092.625,1412.831,0.86
1543737,HK,400,9.0,1000,Test,94.935,958.578,129.91,0.687,959.06,3705827.75,1925.053,0.768
1545739,HK,600,9.0,1000,Test,70.469,710.797,127.347,0.858,711.287,1588946.75,1260.534,0.876
1547741,HK,800,9.0,1000,Test,62.375,635.258,126.756,0.912,635.751,1059162.0,1029.156,0.903
1549743,HK,1000,9.0,1000,Test,59.419,579.213,124.939,0.935,579.7,771599.438,878.407,0.921
1551745,HK,1500,9.0,1000,Test,61.703,607.081,125.462,0.916,607.567,959894.812,979.742,0.914
1553747,HK,2000,9.0,1000,Test,73.128,747.551,127.391,0.844,748.039,1763879.875,1328.111,0.871
1555749,HK,2500,9.0,1000,Test,75.326,748.307,127.816,0.783,748.794,2304435.0,1518.037,0.838
1557751,HK,3000,9.0,1000,Test,59.56,599.157,126.08,0.942,599.646,796685.875,892.573,0.918
1559753,HK,50,10.0,1000,Test,89.412,896.811,127.081,0.744,897.293,2956175.25,1719.353,0.808
1561755,HK,100,10.0,1000,Test,101.578,1069.442,129.024,0.675,1069.923,4022394.0,2005.591,0.752
1563757,HK,200,10.0,1000,Test,102.861,1057.213,129.268,0.669,1057.696,4096127.5,2023.889,0.746
1565759,HK,400,10.0,1000,Test,85.093,864.412,126.718,0.768,864.894,2704065.0,1644.404,0.817
1567761,HK,600,10.0,1000,Test,75.716,758.138,126.273,0.799,758.626,2216882.25,1488.92,0.841
1569763,HK,800,10.0,1000,Test,63.426,649.011,127.094,0.91,649.498,1086722.25,1042.46,0.899
1571765,HK,1000,10.0,1000,Test,60.873,596.559,125.722,0.923,597.048,896120.75,946.637,0.914
1573767,HK,1500,10.0,1000,Test,61.654,621.032,126.149,0.919,621.518,954666.125,977.07,0.915
1575769,HK,2000,10.0,1000,Test,59.94,610.48,126.01,0.936,610.969,843402.75,918.37,0.911
1577771,HK,2500,10.0,1000,Test,61.884,672.313,125.735,0.924,672.8,1057765.25,1028.477,0.896
1579773,HK,3000,10.0,1000,Test,59.609,607.058,124.856,0.937,607.543,826403.438,909.067,0.913
1581775,high_CV,50,1.0,1000,Test,81.695,832.716,125.885,0.937,833.199,1327839.375,1152.319,0.835
1583777,high_CV,100,1.0,1000,Test,72.936,712.813,126.614,0.94,713.295,999233.875,999.617,0.874
1585779,high_CV,200,1.0,1000,Test,66.107,660.844,125.8,0.941,661.326,920088.75,959.213,0.895
1587781,high_CV,400,1.0,1000,Test,63.557,631.159,126.26,0.943,631.641,819046.375,905.012,0.906
1589783,high_CV,600,1.0,1000,Test,66.321,683.592,124.63,0.912,684.071,1125505.75,1060.899,0.887
1591785,high_CV,800,1.0,1000,Test,61.76,596.81,124.879,0.937,597.289,799584.5,894.195,0.913
1593787,high_CV,1000,1.0,1000,Test,62.798,611.289,124.867,0.932,611.768,886195.562,941.38,0.911
1595789,high_CV,1500,1.0,1000,Test,66.677,675.915,125.451,0.913,676.392,1150581.75,1072.652,0.903
1597791,high_CV,2000,1.0,1000,Test,64.914,661.54,126.612,0.923,662.018,1004557.75,1002.276,0.906
1599793,high_CV,2500,1.0,1000,Test,66.578,698.941,124.389,0.924,699.419,1154051.0,1074.268,0.891
1601795,high_CV,3000,1.0,1000,Test,66.656,712.609,125.616,0.92,713.09,1113124.125,1055.047,0.886
1603797,high_CV,50,2.0,1000,Test,86.987,915.746,125.29,0.938,916.229,1508459.5,1228.194,0.795
1605799,high_CV,100,2.0,1000,Test,74.303,762.977,125.738,0.933,763.46,1155890.75,1075.124,0.857
1607801,high_CV,200,2.0,1000,Test,67.94,694.155,126.976,0.925,694.638,1049687.25,1024.542,0.886
1609803,high_CV,400,2.0,1000,Test,65.957,673.418,125.706,0.913,673.899,1126544.25,1061.388,0.889
1611805,high_CV,600,2.0,1000,Test,62.948,630.435,126.277,0.933,630.916,876869.25,936.413,0.903
1613807,high_CV,800,2.0,1000,Test,63.091,633.874,126.324,0.926,634.353,947874.688,973.589,0.905
1615809,high_CV,1000,2.0,1000,Test,64.35,654.299,125.157,0.923,654.777,1013959.062,1006.955,0.898
1617811,high_CV,1500,2.0,1000,Test,66.383,674.918,124.358,0.918,675.394,1065854.75,1032.402,0.901
1619813,high_CV,2000,2.0,1000,Test,65.126,661.594,125.968,0.919,662.07,1068256.875,1033.565,0.901
1621815,high_CV,2500,2.0,1000,Test,68.449,719.636,125.663,0.905,720.114,1241164.125,1114.075,0.891
1623817,high_CV,3000,2.0,1000,Test,64.81,666.57,127.057,0.918,667.05,1081499.375,1039.952,0.895
1625819,high_CV,50,3.0,1000,Test,80.762,847.899,126.907,0.932,848.381,1368681.75,1169.907,0.826
1627821,high_CV,100,3.0,1000,Test,70.993,723.67,126.891,0.931,724.153,1046824.062,1023.144,0.877
1629823,high_CV,200,3.0,1000,Test,66.426,665.58,126.077,0.938,666.063,941645.875,970.384,0.888
1631825,high_CV,400,3.0,1000,Test,63.627,644.607,125.59,0.932,645.088,913659.438,955.855,0.899
1633827,high_CV,600,3.0,1000,Test,62.927,615.166,123.739,0.936,615.645,841358.438,917.256,0.91
1635829,high_CV,800,3.0,1000,Test,62.115,613.004,125.666,0.939,613.485,832156.062,912.226,0.913
1637831,high_CV,1000,3.0,1000,Test,64.4,681.067,127.158,0.924,681.544,1055453.75,1027.353,0.891
1639833,high_CV,1500,3.0,1000,Test,63.718,631.178,126.085,0.925,631.657,962345.438,980.992,0.911
1641835,high_CV,2000,3.0,1000,Test,64.447,649.378,126.071,0.922,649.854,1004608.0,1002.301,0.909
1643837,high_CV,2500,3.0,1000,Test,65.353,661.745,124.983,0.929,662.224,976986.5,988.426,0.897
1645839,high_CV,3000,3.0,1000,Test,63.862,659.913,125.607,0.935,660.395,969993.062,984.882,0.897
1647841,high_CV,50,4.0,1000,Test,82.793,852.986,125.932,0.938,853.469,1350613.75,1162.159,0.831
1649843,high_CV,100,4.0,1000,Test,73.585,771.281,126.2,0.934,771.764,1160024.5,1077.044,0.863
1651845,high_CV,200,4.0,1000,Test,68.06,706.189,126.372,0.936,706.671,985981.75,992.966,0.876
1653847,high_CV,400,4.0,1000,Test,66.947,715.956,125.199,0.914,716.436,1171811.5,1082.502,0.873
1655849,high_CV,600,4.0,1000,Test,63.073,631.454,124.715,0.931,631.933,974702.25,987.27,0.909
1657851,high_CV,800,4.0,1000,Test,62.205,616.903,125.823,0.934,617.383,897378.062,947.3,0.909
1659853,high_CV,1000,4.0,1000,Test,64.576,656.058,125.233,0.928,656.534,992738.438,996.363,0.9
1661855,high_CV,1500,4.0,1000,Test,65.887,664.351,125.824,0.918,664.826,1116596.625,1056.691,0.902
1663857,high_CV,2000,4.0,1000,Test,66.269,682.177,124.565,0.915,682.655,1146064.875,1070.544,0.9
1665859,high_CV,2500,4.0,1000,Test,66.472,680.969,126.439,0.916,681.448,1146532.375,1070.763,0.898
1667861,high_CV,3000,4.0,1000,Test,65.537,682.696,125.799,0.922,683.176,1058391.5,1028.782,0.891
1669863,high_CV,50,5.0,1000,Test,85.025,896.778,127.519,0.928,897.262,1532747.375,1238.042,0.82
1671865,high_CV,100,5.0,1000,Test,70.161,671.765,125.74,0.925,672.248,964427.75,982.053,0.885
1673867,high_CV,200,5.0,1000,Test,65.984,656.178,125.277,0.931,656.661,996660.5,998.329,0.896
1675869,high_CV,400,5.0,1000,Test,64.229,653.771,125.892,0.942,654.252,893013.875,944.994,0.893
1677871,high_CV,600,5.0,1000,Test,62.706,614.828,125.326,0.933,615.306,862078.375,928.482,0.91
1679873,high_CV,800,5.0,1000,Test,63.013,618.758,124.797,0.929,619.237,872114.125,933.87,0.911
1681875,high_CV,1000,5.0,1000,Test,63.949,632.099,124.904,0.926,632.574,955854.312,977.678,0.912
1683877,high_CV,1500,5.0,1000,Test,64.024,643.261,124.244,0.925,643.738,1045070.25,1022.287,0.907
1685879,high_CV,2000,5.0,1000,Test,65.199,653.93,125.946,0.922,654.408,1020625.938,1010.26,0.908
1687881,high_CV,2500,5.0,1000,Test,64.988,654.528,125.42,0.924,655.007,998220.875,999.11,0.902
1689883,high_CV,3000,5.0,1000,Test,63.43,624.559,125.054,0.937,625.039,889811.688,943.298,0.911
1691885,high_CV,50,6.0,1000,Test,79.77,779.85,126.36,0.933,780.332,1211842.625,1100.837,0.86
1693887,high_CV,100,6.0,1000,Test,76.282,809.705,126.775,0.932,810.188,1276406.375,1129.782,0.841
1695889,high_CV,200,6.0,1000,Test,69.159,709.43,126.335,0.921,709.913,1114529.875,1055.713,0.877
1697891,high_CV,400,6.0,1000,Test,64.781,661.004,125.352,0.928,661.486,963718.938,981.692,0.894
1699893,high_CV,600,6.0,1000,Test,65.13,646.672,124.58,0.912,647.152,1069333.5,1034.086,0.894
1701895,high_CV,800,6.0,1000,Test,62.936,629.352,124.992,0.923,629.831,932096.812,965.452,0.905
1703897,high_CV,1000,6.0,1000,Test,63.045,631.849,125.459,0.929,632.326,925533.562,962.047,0.904
1705899,high_CV,1500,6.0,1000,Test,64.495,640.215,125.368,0.929,640.69,992193.25,996.089,0.908
1707901,high_CV,2000,6.0,1000,Test,65.26,658.046,125.196,0.927,658.521,967144.938,983.435,0.902
1709903,high_CV,2500,6.0,1000,Test,65.03,662.716,124.968,0.927,663.193,991696.688,995.84,0.897
1711905,high_CV,3000,6.0,1000,Test,64.688,647.716,126.388,0.926,648.197,955844.5,977.673,0.906
1713907,high_CV,50,7.0,1000,Test,86.004,898.296,126.061,0.931,898.778,1542564.25,1242.0,0.813
1715909,high_CV,100,7.0,1000,Test,70.053,691.87,126.911,0.934,692.352,961663.625,980.644,0.881
1717911,high_CV,200,7.0,1000,Test,66.984,688.774,126.075,0.924,689.257,1038897.5,1019.263,0.881
1719913,high_CV,400,7.0,1000,Test,64.909,649.924,126.337,0.926,650.405,975875.25,987.864,0.902
1721915,high_CV,600,7.0,1000,Test,63.538,645.539,125.469,0.927,646.021,978295.625,989.088,0.901
1723917,high_CV,800,7.0,1000,Test,64.592,652.88,125.696,0.917,653.359,1042806.0,1021.179,0.89
1725919,high_CV,1000,7.0,1000,Test,63.767,647.199,125.163,0.928,647.677,970106.25,984.94,0.903
1727921,high_CV,1500,7.0,1000,Test,64.526,645.715,124.495,0.925,646.192,981585.438,990.75,0.903
1729923,high_CV,2000,7.0,1000,Test,65.422,663.712,125.142,0.922,664.188,1064740.25,1031.863,0.901
1731925,high_CV,2500,7.0,1000,Test,66.426,682.747,125.757,0.926,683.228,1045570.625,1022.531,0.899
1733927,high_CV,3000,7.0,1000,Test,64.67,651.816,125.185,0.927,652.299,972185.125,985.995,0.906
1735929,high_CV,50,8.0,1000,Test,86.998,897.517,127.175,0.931,898.0,1495234.5,1222.798,0.803
1737931,high_CV,100,8.0,1000,Test,74.605,762.836,125.996,0.894,763.317,1399164.375,1182.863,0.856
1739933,high_CV,200,8.0,1000,Test,66.301,648.823,126.133,0.938,649.305,891780.688,944.341,0.899
1741935,high_CV,400,8.0,1000,Test,64.09,656.562,124.343,0.932,657.044,990174.625,995.075,0.894
1743937,high_CV,600,8.0,1000,Test,63.512,649.417,125.582,0.938,649.898,896073.5,946.612,0.894
1745939,high_CV,800,8.0,1000,Test,64.584,645.867,124.739,0.914,646.347,1073066.875,1035.889,0.893
1747941,high_CV,1000,8.0,1000,Test,65.929,696.251,125.67,0.914,696.726,1164241.875,1079.0,0.893
1749943,high_CV,1500,8.0,1000,Test,65.074,656.556,126.34,0.918,657.035,1059263.625,1029.205,0.903
1751945,high_CV,2000,8.0,1000,Test,66.144,688.19,125.895,0.923,688.666,1107029.0,1052.154,0.901
1753947,high_CV,2500,8.0,1000,Test,64.013,637.726,125.419,0.926,638.206,992776.625,996.382,0.905
1755949,high_CV,3000,8.0,1000,Test,67.677,688.236,125.958,0.904,688.717,1199452.125,1095.195,0.894
1757951,high_CV,50,9.0,1000,Test,83.215,838.398,125.437,0.927,838.88,1447357.0,1203.062,0.836
1759953,high_CV,100,9.0,1000,Test,70.543,701.575,124.868,0.938,702.057,1032647.312,1016.193,0.886
1761955,high_CV,200,9.0,1000,Test,67.296,681.565,126.099,0.923,682.049,1045243.938,1022.372,0.883
1763957,high_CV,400,9.0,1000,Test,65.492,684.035,125.756,0.91,684.516,1163586.875,1078.697,0.887
1765959,high_CV,600,9.0,1000,Test,62.879,639.508,125.899,0.939,639.988,883049.938,939.707,0.901
1767961,high_CV,800,9.0,1000,Test,65.249,694.606,125.505,0.91,695.083,1199297.25,1095.124,0.886
1769963,high_CV,1000,9.0,1000,Test,61.449,587.808,126.334,0.944,588.286,817472.625,904.142,0.922
1771965,high_CV,1500,9.0,1000,Test,66.62,695.012,124.917,0.91,695.487,1185245.5,1088.69,0.892
1773967,high_CV,2000,9.0,1000,Test,66.912,697.895,124.932,0.915,698.372,1184294.0,1088.253,0.887
1775969,high_CV,2500,9.0,1000,Test,64.636,654.124,125.198,0.917,654.602,1045548.688,1022.521,0.904
1777971,high_CV,3000,9.0,1000,Test,65.105,678.471,125.651,0.925,678.951,1030204.438,1014.99,0.893
1779973,high_CV,50,10.0,1000,Test,83.415,829.793,126.968,0.926,830.276,1319341.5,1148.626,0.84
1781975,high_CV,100,10.0,1000,Test,75.36,812.947,125.873,0.926,813.43,1299375.75,1139.902,0.851
1783977,high_CV,200,10.0,1000,Test,66.278,667.468,126.059,0.927,667.951,967679.25,983.707,0.892
1785979,high_CV,400,10.0,1000,Test,63.65,638.033,126.206,0.934,638.514,915098.312,956.608,0.899
1787981,high_CV,600,10.0,1000,Test,63.852,656.432,125.972,0.924,656.912,1074356.25,1036.512,0.9
1789983,high_CV,800,10.0,1000,Test,63.981,655.86,126.764,0.931,656.339,993942.688,996.967,0.902
1791985,high_CV,1000,10.0,1000,Test,64.074,655.816,124.906,0.921,656.295,1050648.875,1025.012,0.897
1793987,high_CV,1500,10.0,1000,Test,65.235,673.718,126.094,0.92,674.195,1025645.562,1012.742,0.893
1795989,high_CV,2000,10.0,1000,Test,65.749,655.526,125.844,0.918,656.005,1039330.688,1019.476,0.903
1797991,high_CV,2500,10.0,1000,Test,65.042,649.866,124.891,0.919,650.345,1036929.875,1018.298,0.909
1799993,high_CV,3000,10.0,1000,Test,65.92,678.521,125.791,0.922,679.0,1105239.625,1051.304,0.9
1801995,high_feature_2,50,1.0,1000,Test,65.977,659.289,126.646,0.91,659.771,1090736.5,1044.383,0.9
1803997,high_feature_2,100,1.0,1000,Test,71.634,731.101,126.285,0.855,731.584,1626895.75,1275.498,0.858
1805999,high_feature_2,200,1.0,1000,Test,75.858,815.098,126.904,0.816,815.58,2098254.5,1448.535,0.829
1808001,high_feature_2,400,1.0,1000,Test,69.454,706.569,126.13,0.856,707.05,1621876.5,1273.529,0.875
1810003,high_feature_2,600,1.0,1000,Test,70.029,727.649,126.111,0.873,728.128,1542525.75,1241.985,0.885
1812005,high_feature_2,800,1.0,1000,Test,70.485,704.517,125.506,0.868,704.998,1514618.625,1230.698,0.88
1814007,high_feature_2,1000,1.0,1000,Test,66.363,687.715,125.543,0.898,688.195,1255056.875,1120.293,0.89
1816009,high_feature_2,1500,1.0,1000,Test,62.961,642.273,126.533,0.913,642.765,1084191.875,1041.245,0.897
1818011,high_feature_2,2000,1.0,1000,Test,59.56,580.439,124.886,0.939,580.932,790094.75,888.873,0.92
1820013,high_feature_2,2500,1.0,1000,Test,61.261,632.645,126.655,0.926,633.136,963126.75,981.39,0.903
1822015,high_feature_2,50,2.0,1000,Test,68.12,714.77,126.637,0.898,715.252,1247446.75,1116.892,0.883
1824017,high_feature_2,100,2.0,1000,Test,71.434,765.279,126.629,0.867,765.762,1585082.5,1259.001,0.858
1826019,high_feature_2,200,2.0,1000,Test,76.137,779.679,125.975,0.817,780.16,2029004.5,1424.431,0.851
1828021,high_feature_2,400,2.0,1000,Test,70.918,720.633,126.771,0.856,721.112,1643967.5,1282.173,0.881
1830023,high_feature_2,600,2.0,1000,Test,79.867,835.035,126.54,0.806,835.515,2269824.5,1506.594,0.836
1832025,high_feature_2,800,2.0,1000,Test,67.707,685.158,126.388,0.893,685.638,1345628.375,1160.012,0.896
1834027,high_feature_2,1000,2.0,1000,Test,70.83,760.008,126.437,0.868,760.488,1645828.375,1282.898,0.879
1836029,high_feature_2,1500,2.0,1000,Test,63.132,668.209,125.028,0.923,668.7,1023907.562,1011.883,0.894
1838031,high_feature_2,2000,2.0,1000,Test,74.869,751.347,127.291,0.841,751.824,1880116.0,1371.173,0.87
1840033,high_feature_2,2500,2.0,1000,Test,61.78,622.801,125.679,0.929,623.287,892300.0,944.616,0.9
1842035,high_feature_2,50,3.0,1000,Test,69.636,742.034,127.101,0.888,742.518,1364048.25,1167.925,0.871
1844037,high_feature_2,100,3.0,1000,Test,72.985,742.932,125.566,0.853,743.414,1650445.125,1284.697,0.861
1846039,high_feature_2,200,3.0,1000,Test,69.514,709.989,124.895,0.876,710.47,1430590.5,1196.073,0.882
1848041,high_feature_2,400,3.0,1000,Test,72.533,757.903,126.46,0.86,758.383,1697169.125,1302.754,0.87
1850043,high_feature_2,600,3.0,1000,Test,66.187,676.744,125.923,0.9,677.223,1201857.625,1096.293,0.892
1852045,high_feature_2,800,3.0,1000,Test,66.79,641.073,124.658,0.89,641.554,1240610.625,1113.827,0.905
1854047,high_feature_2,1000,3.0,1000,Test,68.871,698.237,125.102,0.871,698.719,1502600.5,1225.806,0.883
1856049,high_feature_2,1500,3.0,1000,Test,64.775,647.755,125.49,0.899,648.236,1210004.5,1100.002,0.894
1858051,high_feature_2,2000,3.0,1000,Test,61.204,632.235,126.657,0.931,632.721,931730.312,965.262,0.906
1860053,high_feature_2,2500,3.0,1000,Test,62.64,663.997,126.045,0.932,664.48,976371.125,988.115,0.897
1862055,high_feature_2,50,4.0,1000,Test,69.874,747.638,127.12,0.895,748.121,1310218.25,1144.648,0.867
1864057,high_feature_2,100,4.0,1000,Test,66.826,672.778,127.556,0.896,673.259,1146147.75,1070.583,0.885
1866059,high_feature_2,200,4.0,1000,Test,67.293,663.415,126.164,0.887,663.897,1279113.25,1130.979,0.893
1868061,high_feature_2,400,4.0,1000,Test,64.336,671.703,125.693,0.914,672.184,1128262.875,1062.197,0.896
1870063,high_feature_2,600,4.0,1000,Test,68.841,696.63,126.575,0.877,697.112,1414138.875,1189.176,0.89
1872065,high_feature_2,800,4.0,1000,Test,65.81,660.577,126.012,0.9,661.057,1199888.125,1095.394,0.897
1874067,high_feature_2,1000,4.0,1000,Test,67.602,697.194,126.587,0.871,697.676,1433963.0,1197.482,0.872
1876069,high_feature_2,1500,4.0,1000,Test,61.286,639.444,126.083,0.93,639.935,943866.25,971.528,0.909
1878071,high_feature_2,2000,4.0,1000,Test,64.011,652.009,126.425,0.909,652.5,1113933.375,1055.43,0.896
1880073,high_feature_2,2500,4.0,1000,Test,61.112,625.872,126.174,0.93,626.356,894917.812,946.001,0.907
1882075,high_feature_2,50,5.0,1000,Test,70.361,698.721,127.193,0.87,699.205,1432042.75,1196.68,0.875
1884077,high_feature_2,100,5.0,1000,Test,81.823,846.741,126.47,0.794,847.222,2397219.75,1548.296,0.838
1886079,high_feature_2,200,5.0,1000,Test,74.277,760.833,128.053,0.845,761.313,1808964.75,1344.978,0.866
1888081,high_feature_2,400,5.0,1000,Test,68.766,690.476,125.959,0.877,690.956,1425784.25,1194.062,0.888
1890083,high_feature_2,600,5.0,1000,Test,70.088,712.89,125.689,0.873,713.37,1549928.875,1244.961,0.891
1892085,high_feature_2,800,5.0,1000,Test,72.043,737.426,126.315,0.861,737.906,1629208.875,1276.405,0.888
1894087,high_feature_2,1000,5.0,1000,Test,65.674,689.225,125.276,0.903,689.706,1251895.375,1118.881,0.883
1896089,high_feature_2,1500,5.0,1000,Test,63.629,642.527,126.326,0.915,643.021,1024269.312,1012.062,0.9
1898091,high_feature_2,2000,5.0,1000,Test,61.376,640.593,126.659,0.931,641.082,905701.438,951.683,0.902
1900093,high_feature_2,2500,5.0,1000,Test,61.11,628.455,126.983,0.941,628.94,869252.375,932.337,0.906
1902095,high_feature_2,50,6.0,1000,Test,74.487,755.556,125.885,0.844,756.038,1712423.875,1308.596,0.863
1904097,high_feature_2,100,6.0,1000,Test,75.756,785.46,127.068,0.828,785.943,1900466.125,1378.574,0.843
1906099,high_feature_2,200,6.0,1000,Test,79.523,810.212,126.042,0.81,810.694,2194469.75,1481.374,0.842
1908101,high_feature_2,400,6.0,1000,Test,74.307,788.591,126.951,0.834,789.071,1937652.5,1391.996,0.847
1910103,high_feature_2,600,6.0,1000,Test,65.726,658.801,124.995,0.895,659.283,1214444.125,1102.018,0.895
1912105,high_feature_2,800,6.0,1000,Test,67.808,645.065,126.042,0.878,645.548,1361010.25,1166.623,0.895
1914107,high_feature_2,1000,6.0,1000,Test,74.279,776.472,126.347,0.838,776.954,1881642.125,1371.73,0.858
1916109,high_feature_2,1500,6.0,1000,Test,62.643,612.273,126.086,0.913,612.765,1062646.375,1030.847,0.905
1918111,high_feature_2,2000,6.0,1000,Test,61.326,603.179,125.479,0.921,603.664,959345.125,979.462,0.91
1920113,high_feature_2,2500,6.0,1000,Test,60.849,617.294,125.342,0.934,617.785,880248.562,938.216,0.91
1922115,high_feature_2,50,7.0,1000,Test,85.099,828.722,126.92,0.771,829.203,2577570.0,1605.481,0.836
1924117,high_feature_2,100,7.0,1000,Test,77.719,804.352,127.208,0.818,804.834,2083833.25,1443.549,0.846
1926119,high_feature_2,200,7.0,1000,Test,74.278,763.514,126.994,0.835,763.994,1867511.125,1366.569,0.859
1928121,high_feature_2,400,7.0,1000,Test,75.437,769.707,125.743,0.823,770.187,2032237.75,1425.566,0.849
1930123,high_feature_2,600,7.0,1000,Test,67.256,684.966,126.145,0.887,685.447,1332738.5,1154.443,0.891
1932125,high_feature_2,800,7.0,1000,Test,65.342,641.66,124.994,0.897,642.142,1204118.375,1097.323,0.9
1934127,high_feature_2,1000,7.0,1000,Test,64.997,647.77,125.49,0.896,648.252,1192976.875,1092.235,0.888
1936129,high_feature_2,1500,7.0,1000,Test,61.518,647.76,126.743,0.924,648.242,1022835.938,1011.354,0.9
1938131,high_feature_2,2000,7.0,1000,Test,61.523,642.886,126.386,0.937,643.379,891387.375,944.133,0.897
1940133,high_feature_2,2500,7.0,1000,Test,61.459,637.561,124.887,0.938,638.046,922247.812,960.337,0.9
1942135,high_feature_2,50,8.0,1000,Test,78.351,813.719,127.195,0.838,814.201,1896717.5,1377.214,0.855
1944137,high_feature_2,100,8.0,1000,Test,67.685,695.933,127.114,0.889,696.415,1298189.0,1139.381,0.875
1946139,high_feature_2,200,8.0,1000,Test,77.359,835.175,126.43,0.834,835.656,2029939.0,1424.759,0.842
1948141,high_feature_2,400,8.0,1000,Test,74.893,785.95,126.878,0.833,786.428,1923863.375,1387.034,0.861
1950143,high_feature_2,600,8.0,1000,Test,66.003,673.37,125.939,0.896,673.851,1237825.125,1112.576,0.895
1952145,high_feature_2,800,8.0,1000,Test,69.065,699.233,126.571,0.872,699.714,1465550.25,1210.599,0.892
1954147,high_feature_2,1000,8.0,1000,Test,62.054,615.643,125.884,0.92,616.126,971154.562,985.472,0.906
1956149,high_feature_2,1500,8.0,1000,Test,63.529,679.736,125.369,0.917,680.221,1108310.625,1052.763,0.885
1958151,high_feature_2,2000,8.0,1000,Test,61.852,623.491,126.151,0.911,623.976,1040745.188,1020.169,0.901
1960153,high_feature_2,2500,8.0,1000,Test,61.633,645.064,125.883,0.933,645.549,951030.062,975.208,0.9
1962155,high_feature_2,50,9.0,1000,Test,74.591,754.278,127.143,0.852,754.76,1728242.375,1314.626,0.874
1964157,high_feature_2,100,9.0,1000,Test,75.093,761.936,127.629,0.84,762.418,1812758.125,1346.387,0.861
1966159,high_feature_2,200,9.0,1000,Test,71.4,755.323,125.615,0.858,755.804,1619104.125,1272.44,0.867
1968161,high_feature_2,400,9.0,1000,Test,74.199,779.024,127.725,0.84,779.504,1848263.125,1359.508,0.852
1970163,high_feature_2,600,9.0,1000,Test,69.536,712.394,126.972,0.869,712.874,1496902.375,1223.48,0.878
1972165,high_feature_2,800,9.0,1000,Test,70.633,714.405,125.152,0.864,714.885,1595677.0,1263.201,0.87
1974167,high_feature_2,1000,9.0,1000,Test,65.029,659.41,124.979,0.896,659.889,1230868.0,1109.445,0.89
1976169,high_feature_2,1500,9.0,1000,Test,60.632,618.51,126.948,0.936,618.993,873576.125,934.653,0.908
1978171,high_feature_2,2000,9.0,1000,Test,60.63,613.766,126.425,0.937,614.259,821344.812,906.281,0.913
1980173,high_feature_2,2500,9.0,1000,Test,60.562,609.237,125.756,0.937,609.725,859399.25,927.038,0.91
1982175,high_feature_2,50,10.0,1000,Test,88.398,899.406,129.428,0.749,899.888,2852233.5,1688.856,0.808
1984177,high_feature_2,100,10.0,1000,Test,76.525,800.436,126.177,0.834,800.918,1930933.25,1389.58,0.845
1986179,high_feature_2,200,10.0,1000,Test,76.458,785.722,127.668,0.823,786.204,2022446.25,1422.127,0.848
1988181,high_feature_2,400,10.0,1000,Test,77.476,772.877,127.459,0.798,773.357,2224257.25,1491.394,0.843
1990183,high_feature_2,600,10.0,1000,Test,64.663,666.929,125.555,0.907,667.41,1198207.75,1094.627,0.892
1992185,high_feature_2,800,10.0,1000,Test,68.567,716.758,127.175,0.875,717.239,1435321.875,1198.049,0.877
1994187,high_feature_2,1000,10.0,1000,Test,63.626,630.559,124.923,0.912,631.04,1035292.875,1017.493,0.907
1996189,high_feature_2,1500,10.0,1000,Test,63.943,664.049,126.398,0.917,664.533,1075416.25,1037.023,0.897
1998191,high_feature_2,2000,10.0,1000,Test,62.917,648.568,126.983,0.917,649.061,1059005.375,1029.08,0.892
2000193,high_feature_2,2500,10.0,1000,Test,61.815,650.443,126.399,0.938,650.927,933926.188,966.399,0.896
