gene_id,MDA-Par-1,MDA-Par-2,MDA-LM2-1,MDA-LM2-2
tRNA-Asn-GTT-5-1,361.1003,388.4999,477.1021,457.78662
tRNA-Glu-TTC-4-1,3060.0916,3013.9978,5517.982,5811.0776
tRNA-Glu-TTC-4-2,2195.1943,1952.337,1389.9882,1303.5907
tRNA-Gly-CCC-1-1,34720.36,34290.27,40668.97,37751.504
tRNA-Gly-CCC-1-2,64545.516,66806.48,63931.617,52434.14
tRNA-Glu-TTC-3-1,699.5739,694.03595,1035.5359,1126.8015
tRNA-Asn-GTT-4-1,413.14163,419.23367,497.01898,497.97662
tRNA-Lys-CTT-7-1,441.7842,440.93027,485.91193,471.31396
tRNA-Cys-GCA-7-1,2218.157,2104.1523,2096.426,1993.644
tRNA-Arg-TCT-1-1,17120.91,17707.5,13188.314,13195.832
tRNA-Asn-GTT-7-1,90.13337,98.97126,211.47675,211.46095
tRNA-Asn-GTT-11-1,3.307915,3.3105001,3.238587,3.2368784
tRNA-Asn-GTT-11-2,6.9623294,7.3239236,6.7040205,6.590683
tRNA-Val-CAC-5-1,6850.642,6571.382,6582.029,6059.0127
tRNA-Asn-GTT-27-1,65.824905,70.86706,106.4759,115.124466
tRNA-Gln-CTG-4-2,6404.583,6235.7817,10981.45,10494.616
tRNA-Gln-CTG-4-1,8473.197,7605.312,12683.772,12354.007
tRNA-Asn-GTT-6-1,480.38513,429.11432,465.63394,441.5346
tRNA-Val-CAC-4-1,8652.488,8886.339,7833.4,7224.25
tRNA-Asn-GTT-12-1,53.901714,54.71508,102.64106,109.19124
tRNA-Asn-GTT-3-1,558.5057,567.47,615.6194,596.3212
tRNA-Asn-GTT-2-8,229.301,247.82697,316.8077,325.14667
tRNA-Asn-GTT-2-7,439.72174,421.92822,584.6329,605.4045
tRNA-Asn-GTT-2-1,302.15625,315.74792,542.81946,536.2798
tRNA-Asn-GTT-2-2,606.83685,672.72015,658.3822,639.8722
tRNA-Asn-GTT-2-3,622.989,634.86945,1236.897,1232.8759
tRNA-Asn-GTT-2-4,515.86505,551.1577,581.6174,544.87256
tRNA-Asn-GTT-2-5,425.2249,442.52164,477.77594,459.56033
tRNA-Asn-GTT-2-6,450.43588,471.48535,560.97144,567.368
tRNA-Asn-GTT-10-1,142.66182,149.57791,182.52986,186.36313
tRNA-Val-CAC-14-1,3732.207,3664.182,3254.249,3241.751
tRNA-Gln-CTG-3-1,3562.6821,3583.121,3747.0266,3639.708
tRNA-Gln-CTG-3-2,4057.1956,3694.577,4745.3423,4679.899
tRNA-Asn-GTT-9-1,131.09758,139.04845,258.23364,267.40018
tRNA-Asn-GTT-9-2,207.37839,205.07007,388.41925,394.3683
tRNA-Glu-CTC-1-1,14445.454,14215.079,15068.963,13223.557
tRNA-Glu-CTC-1-2,11642.494,12086.218,15905.386,15769.435
tRNA-Glu-CTC-1-3,19836.729,20482.18,24425.45,22298.223
tRNA-Glu-CTC-1-4,11835.33,11657.403,12022.805,11427.973
tRNA-Glu-CTC-1-5,15185.779,15375.068,21227.078,20255.01
tRNA-Glu-CTC-1-6,13525.125,13357.341,19455.926,19121.676
tRNA-Glu-CTC-1-7,15805.512,16006.726,25205.873,23085.045
tRNA-Gly-TCC-2-1,3872.484,3676.0015,7325.041,6827.892
tRNA-Gly-TCC-2-2,2953.283,2853.409,4089.9368,3677.003
tRNA-Gly-TCC-2-3,3477.02,3293.1013,4092.0488,3818.9822
tRNA-Gly-TCC-2-4,3069.2463,2778.8245,4938.0566,4735.55
tRNA-Gly-TCC-2-5,3117.963,3069.8186,4069.8123,3806.1316
tRNA-Gly-TCC-2-6,1944.4368,1807.9069,1888.6224,1818.2655
tRNA-His-GTG-1-1,11872.942,13067.483,20276.727,18005.504
tRNA-His-GTG-1-2,21241.521,22076.67,33034.27,29404.357
tRNA-His-GTG-1-3,20507.824,21059.625,20500.018,19471.982
tRNA-His-GTG-1-4,39088.188,41199.125,38943.58,35642.176
tRNA-His-GTG-1-7,18673.496,18198.082,18280.695,18256.037
tRNA-His-GTG-1-8,24139.365,23872.502,21649.043,21168.043
tRNA-His-GTG-1-9,33315.562,35652.992,48016.094,42007.055
tRNA-His-GTG-1-5,15830.471,15071.972,15609.118,14346.864
tRNA-His-GTG-1-6,37813.895,39455.44,38293.008,36323.48
tRNA-Lys-CTT-2-1,5472.4917,5184.594,6217.938,5869.194
tRNA-Lys-CTT-2-5,2269.958,2492.246,1765.4054,1830.101
tRNA-Lys-CTT-2-2,5921.3667,6256.0996,5410.136,5242.454
tRNA-Lys-CTT-2-3,3309.4814,3110.116,4013.2314,4184.9214
tRNA-Lys-CTT-2-4,2813.183,2928.669,3175.7678,3042.63
tRNA-Asn-GTT-24-1,268.56866,263.71802,384.94095,377.2307
tRNA-Gln-CTG-7-1,2263.4387,2230.6892,4021.0386,4305.267
tRNA-Asn-GTT-25-1,11.476344,13.279871,13.015314,13.122723
tRNA-Val-CAC-1-7,7853.3247,7539.8823,8949.084,9008.086
tRNA-Val-CAC-1-1,4944.5244,4754.734,6797.013,6191.561
tRNA-Val-CAC-1-2,9798.302,9692.697,7994.7915,7772.4272
tRNA-Val-CAC-1-3,8328.406,7965.025,10301.586,9900.743
tRNA-Val-CAC-1-4,9209.293,8955.037,7280.8647,6753.4004
tRNA-Val-CAC-1-5,4107.776,3988.7249,7023.4336,6856.482
tRNA-Val-CAC-1-6,4388.1226,4285.417,4634.757,4084.2793
tRNA-Asn-GTT-8-1,65.967545,68.621956,82.17123,82.94848
tRNA-iMet-CAT-1-1,13595.024,13619.166,24914.338,24139.541
tRNA-iMet-CAT-1-8,6028.5415,5836.189,11472.539,10491.558
tRNA-iMet-CAT-1-2,4522.4834,4353.4893,6404.6973,5926.2495
tRNA-iMet-CAT-1-3,3479.027,3734.6353,13146.735,12673.12
tRNA-iMet-CAT-1-4,7904.402,7800.0615,13496.661,12252.056
tRNA-iMet-CAT-1-5,8836.636,8398.485,12481.625,13563.374
tRNA-iMet-CAT-1-6,4685.223,4633.994,6824.932,6143.0713
tRNA-iMet-CAT-1-7,7369.4663,7287.7456,13893.966,14236.99
tRNA-Arg-TCT-4-1,1294.0563,1301.6403,6216.9556,5811.6387
tRNA-Gly-TCC-4-1,1841.5033,1590.6249,953.31146,924.9053
tRNA-Asp-GTC-2-1,8350.937,7883.899,10233.334,10016.677
tRNA-Asp-GTC-2-2,11038.014,10718.968,9475.766,9247.23
tRNA-Asp-GTC-2-3,9793.9375,10111.892,9374.343,8864.18
tRNA-Asp-GTC-2-4,9035.973,8794.614,11664.726,10627.404
tRNA-Asp-GTC-2-5,10980.23,10612.374,12023.162,11109.304
tRNA-Asp-GTC-2-8,10696.05,11217.277,9694.1455,9446.559
tRNA-Asp-GTC-2-9,7248.368,7298.0864,9572.601,9181.199
tRNA-Asp-GTC-2-10,6258.6226,5641.449,11679.146,10779.75
tRNA-Asp-GTC-2-11,4892.18,4751.677,9412.668,9385.237
tRNA-Asp-GTC-2-6,16919.352,15816.706,22792.154,21890.459
tRNA-Asp-GTC-2-7,6146.65,5657.104,7173.432,7090.777
tRNA-Leu-CAG-1-1,7043.049,6490.4834,8527.596,7646.1733
tRNA-Leu-CAG-1-2,4007.4497,3935.5808,4865.155,4342.5156
tRNA-Leu-CAG-1-3,3770.7485,3935.3154,4720.133,4275.8867
tRNA-Leu-CAG-1-4,3505.2832,3274.2993,3708.2593,3528.3142
tRNA-Leu-CAG-1-5,4487.463,4357.693,5481.7817,5203.5884
tRNA-Leu-CAG-1-6,3749.4424,3559.4712,4426.8574,4064.7092
tRNA-Leu-CAG-1-7,4841.8687,4512.268,3337.9778,3228.1614
tRNA-Gly-GCC-1-1,36282.16,38497.223,42901.16,41077.35
tRNA-Gly-GCC-1-2,24909.547,25962.346,30404.502,28683.508
tRNA-Gly-GCC-1-3,40343.88,38010.15,49044.227,46245.258
tRNA-Gly-GCC-1-4,32274.336,32878.527,29678.451,27498.05
tRNA-Gly-GCC-1-5,32849.566,34276.355,41717.99,39263.637
tRNA-Gly-GCC-4-1,1211.4678,1219.5211,1039.9517,917.4344
tRNA-Gly-GCC-2-1,72035.92,66990.625,66615.18,61140.445
tRNA-Gly-GCC-2-4,56264.332,57896.094,70194.555,66287.31
tRNA-Gly-GCC-2-5,71911.266,66186.695,57095.344,53468.332
tRNA-Gly-GCC-2-6,80631.88,81663.39,88260.92,76352.234
tRNA-Gly-GCC-2-2,99975.26,90693.04,69542.33,59518.504
tRNA-Gly-GCC-2-3,42195.582,36731.23,29791.885,27646.559
tRNA-Asn-GTT-1-1,802.98914,862.70795,1184.4283,1204.0342
tRNA-Leu-CAA-6-1,66.53644,68.15384,80.657135,82.41981
tRNA-Pro-CGG-1-1,2247.126,2132.1821,2231.8633,2036.358
tRNA-Pro-CGG-1-2,2325.5762,2400.651,2700.6907,2419.392
tRNA-Pro-CGG-1-3,1205.6646,1218.4719,2246.3137,2134.6304
tRNA-Pro-AGG-2-1,5060.4297,4453.6763,2843.2454,2649.1646
tRNA-Pro-AGG-2-4,3270.8533,3168.4016,2157.9663,2068.7458
tRNA-Pro-AGG-2-5,2989.8105,2824.7197,2634.3455,2466.8374
tRNA-Pro-AGG-2-6,2810.2188,2564.351,3143.6794,2979.6672
tRNA-Pro-AGG-2-7,4119.3027,4186.106,4182.6675,4146.3076
tRNA-Pro-AGG-2-8,3266.0955,3023.003,4345.146,4470.625
tRNA-Pro-AGG-2-2,4277.2295,3918.0051,3681.8015,3568.0933
tRNA-Pro-AGG-2-3,3040.7036,2864.9116,3313.1106,3122.9114
tRNA-Lys-TTT-3-1,4236.834,3817.4753,4622.998,4421.874
tRNA-Lys-TTT-3-2,1949.8904,2018.4385,2225.4417,2149.3489
tRNA-Lys-TTT-3-4,2209.0554,2322.8184,2310.9978,2171.858
tRNA-Lys-TTT-3-5,5724.617,6020.533,5226.558,4872.625
tRNA-Lys-TTT-3-3,2778.2917,2830.5366,4608.7305,4635.1675
tRNA-Thr-TGT-2-1,2166.3403,2234.336,2865.402,2648.6462
tRNA-Leu-CAA-4-1,1859.1149,1866.323,2352.8108,2270.7085
tRNA-Glu-CTC-2-1,7162.2974,6946.4043,11585.881,10975.448
tRNA-Val-TAC-3-1,2080.1396,1933.9471,1793.0759,1709.0302
tRNA-Ser-TGA-1-1,1040.0671,973.874,774.74365,714.4783
tRNA-Val-TAC-1-1,9179.524,8640.88,5592.9077,4646.724
tRNA-Val-TAC-1-2,5790.3257,5569.8115,3966.735,3773.3218
tRNA-Val-TAC-2-1,11912.194,11485.712,8469.367,8371.93
tRNA-Arg-TCT-3-2,1471.9606,1563.845,2108.0212,2198.3672
tRNA-Arg-TCT-3-1,2926.337,2834.9502,2363.7778,2263.6047
tRNA-Leu-TAA-3-1,964.3889,927.80536,1584.3956,1671.704
tRNA-Lys-TTT-5-1,3642.9888,3607.2883,3067.8872,2975.2053
tRNA-Phe-GAA-1-3,847.32935,828.2623,1440.1635,1377.5281
tRNA-Phe-GAA-1-4,726.9256,633.96106,882.1147,849.8446
tRNA-Phe-GAA-1-5,521.20886,525.6505,926.09155,914.9023
tRNA-Phe-GAA-1-6,235.18857,212.47906,449.89636,454.74762
tRNA-Phe-GAA-1-1,418.63303,392.29242,635.3346,591.82245
tRNA-Phe-GAA-1-2,536.0462,547.87646,1203.91,1095.9036
tRNA-Phe-GAA-2-1,134.61887,132.25581,181.58261,184.06886
tRNA-Ser-GCT-3-1,7776.4717,7617.911,12782.978,13079.858
tRNA-Pro-TGG-2-1,9639.548,9056.562,10360.289,9583.034
tRNA-Lys-TTT-2-1,250.48746,251.70644,240.10057,237.09044
tRNA-Lys-TTT-11-1,2.538694,2.5412064,2.5275724,2.5248916
tRNA-Ser-CGA-4-1,2106.982,1996.7,2132.03,1968.817
tRNA-Asp-GTC-1-1,2875.605,2954.7668,4463.461,4569.5757
tRNA-Trp-CCA-4-1,4051.5164,3682.7776,4923.2334,5099.6553
tRNA-Ala-TGC-3-2,5308.1235,5329.631,6004.2144,5698.242
tRNA-Ala-TGC-3-1,5173.608,4936.905,4752.415,5288.3354
tRNA-Ala-TGC-4-1,3688.742,3651.2124,5133.488,5536.978
tRNA-Glu-TTC-1-2,19533.438,20175.914,21123.607,20322.807
tRNA-Glu-TTC-1-1,13544.845,13951.486,19612.453,18549.338
tRNA-Glu-TTC-2-1,34473.137,38657.086,82443.58,64364.52
tRNA-Glu-TTC-2-2,61104.688,62022.277,82462.44,76288.56
tRNA-Leu-AAG-2-3,4065.612,3828.0586,3044.0442,2935.3457
tRNA-Leu-AAG-2-4,4441.6016,4159.636,4435.4985,4045.6929
tRNA-Leu-AAG-2-1,2782.543,2779.0742,2862.937,2549.039
tRNA-Leu-AAG-2-2,5720.0215,5674.4897,8018.5503,7550.8003
tRNA-Thr-TGT-3-1,2337.7866,2440.6245,2996.009,3001.1567
tRNA-Leu-TAG-2-1,6443.63,6958.919,8447.131,7757.711
tRNA-Thr-TGT-4-1,1036.2727,978.6851,1876.018,1878.4216
tRNA-Pro-TGG-1-1,2673.6519,2695.2136,2793.4385,2695.4114
tRNA-Tyr-GTA-5-3,23891.494,25634.271,40697.637,39722.555
tRNA-Tyr-GTA-5-4,16309.635,15384.533,25129.66,27998.959
tRNA-Tyr-GTA-5-5,18180.322,18984.13,34724.56,37136.066
tRNA-Tyr-GTA-5-1,26442.463,25414.307,47023.875,50703.04
tRNA-Tyr-GTA-5-2,46004.508,47749.457,70382.914,77103.49
tRNA-Tyr-GTA-4-1,1718.7543,1898.3641,3125.2183,3197.5913
tRNA-Tyr-GTA-7-1,3607.2954,3671.0525,4894.862,4634.9194
tRNA-Thr-TGT-5-1,1129.6683,1055.7072,1387.4032,1253.4576
tRNA-Pro-TGG-3-2,2367.5386,2245.4854,2275.0654,2201.6555
tRNA-Pro-TGG-3-3,3290.873,3296.645,3416.1245,3290.2097
tRNA-Pro-TGG-3-4,4166.654,3883.5583,3758.3484,3585.1873
tRNA-Pro-TGG-3-5,1424.8995,1505.0765,2462.8325,2288.387
tRNA-Pro-TGG-3-1,2144.9463,2243.3147,2712.6355,2421.4272
tRNA-Arg-ACG-1-3,2540.1729,2580.6077,2216.5857,2108.5522
tRNA-Arg-ACG-1-1,3714.4194,3580.829,2605.8787,2464.106
tRNA-Arg-ACG-1-2,5672.082,5963.709,4016.565,3924.6643
tRNA-Lys-CTT-1-1,6817.1494,6601.1924,8297.358,7776.333
tRNA-Lys-CTT-1-2,4189.295,3963.5164,5083.789,4577.467
tRNA-Cys-GCA-8-1,1541.6194,1542.3207,1866.9733,1814.5482
tRNA-Ala-AGC-15-1,94.469055,95.453865,93.87695,95.233116
tRNA-Ile-AAT-5-4,688.4122,638.31036,506.2076,487.94684
tRNA-Ile-AAT-5-5,892.69226,882.3112,747.5529,735.439
tRNA-Ile-AAT-5-1,702.6044,638.10364,524.65936,535.82306
tRNA-Ile-AAT-5-2,967.3175,891.70496,846.45935,810.1651
tRNA-Ile-AAT-5-3,975.9672,946.1601,667.05963,642.8561
tRNA-Ser-GCT-4-2,2588.7815,2559.3875,2352.2478,2257.5332
tRNA-Ser-GCT-4-3,2095.7915,2148.2793,3920.6685,3994.0916
tRNA-Ser-GCT-4-1,2561.7468,2556.0752,5058.376,4821.549
tRNA-Gln-CTG-1-4,54834.16,53083.83,70730.484,69916.61
tRNA-Gln-CTG-1-5,56963.812,54843.984,47664.688,48348.098
tRNA-Gln-CTG-1-1,31206.64,31130.387,34235.508,32820.18
tRNA-Gln-CTG-1-2,22720.64,21485.69,21345.809,19976.795
tRNA-Gln-CTG-1-3,29788.617,24826.137,27793.994,27404.596
tRNA-Cys-GCA-5-1,4405.5645,4262.124,6244.7456,5787.4937
tRNA-Arg-TCG-1-1,3663.8354,3580.2373,1565.3229,1550.4207
tRNA-Gly-CCC-2-2,23316.902,22288.629,21455.19,19353.998
tRNA-Gly-CCC-2-1,14529.432,14557.9375,18035.535,17585.184
tRNA-Arg-CCG-1-3,2059.0183,1967.7644,1718.2396,1516.352
tRNA-Arg-CCG-1-1,1016.3345,1015.85895,1001.4691,879.26733
tRNA-Arg-CCG-1-2,1346.8401,1431.6171,1023.5601,950.14197
tRNA-Arg-CCT-3-1,1573.7091,1459.0106,1545.8452,1728.9976
tRNA-Lys-CTT-3-1,4683.808,4141.065,3828.5393,3655.8687
tRNA-Lys-CTT-8-1,79.62267,86.47243,27.858267,29.546774
tRNA-Lys-CTT-5-1,461.84622,460.71863,580.7656,597.4576
tRNA-Lys-CTT-4-1,6131.481,6258.7715,8165.3247,8049.938
tRNA-Pro-AGG-1-1,1510.8252,1532.4082,1928.069,1835.1368
tRNA-Arg-CCT-5-1,4000.3591,3776.9827,4312.884,4594.9863
tRNA-Thr-CGT-2-1,3436.493,3141.733,4029.2737,4485.9175
tRNA-Leu-TAG-3-1,2797.5317,2556.9404,3105.968,3003.4014
tRNA-Leu-CAG-2-1,2525.3474,2317.1763,3406.2053,3046.798
tRNA-Leu-CAG-2-2,5347.2505,5154.979,4191.2144,3690.4565
tRNA-Gly-GCC-3-1,48128.81,50189.668,62171.24,57414.133
tRNA-Gly-GCC-5-1,51471.574,54610.07,67774.65,62915.83
tRNA-Met-CAT-2-1,114.218636,98.48723,164.38971,188.99295
tRNA-Lys-TTT-1-1,483.2123,475.81268,523.6487,502.42685
tRNA-Met-CAT-6-1,1861.9288,1825.6171,1963.8984,1704.497
tRNA-Leu-TAG-1-1,8648.868,8033.9155,5927.2563,5431.0513
tRNA-Arg-TCT-2-1,2240.1982,2336.9075,2647.9458,2710.1262
tRNA-Ser-CGA-1-1,1757.4608,1843.1936,1687.4686,1612.0111
tRNA-Thr-AGT-5-1,4438.851,4560.734,5683.7246,6020.8433
tRNA-Trp-CCA-3-3,2406.1782,2180.0105,2713.975,3039.2246
tRNA-Trp-CCA-3-1,810.8011,850.70233,885.47864,972.69403
tRNA-Trp-CCA-3-2,1218.1112,1191.3636,1373.4991,1440.7032
tRNA-Thr-AGT-1-1,3576.2803,3649.9744,2895.3313,3020.8794
tRNA-Thr-AGT-1-2,2122.7654,2012.2411,1825.021,1762.7979
tRNA-Thr-AGT-1-3,1957.1761,1915.2987,1405.1586,1340.1102
tRNA-Trp-CCA-1-1,1113.1416,1100.4508,1538.8928,1809.1489
tRNA-Gly-TCC-3-1,9466.519,8912.441,8498.502,7355.051
tRNA-Ser-AGA-2-6,4858.2163,4685.6597,5615.758,5418.9697
tRNA-Ser-AGA-2-1,5955.034,5597.383,6838.105,6272.2324
tRNA-Ser-AGA-2-2,3206.5046,3313.126,5375.9478,5354.654
tRNA-Ser-AGA-2-3,3941.7488,3907.3982,3865.8723,3774.442
tRNA-Ser-AGA-2-4,4706.1875,4455.508,4973.7227,4410.9844
tRNA-Ser-AGA-2-5,3412.3848,3559.5676,4483.656,4134.8887
tRNA-Ile-AAT-4-1,437.68884,418.72073,561.6389,611.9338
tRNA-Trp-CCA-2-1,9834.608,9192.057,11459.396,12537.377
tRNA-Gly-CCC-3-1,288.56516,302.94864,351.06863,349.98633
tRNA-Thr-CGT-4-1,2928.4133,2780.627,3011.59,2845.94
tRNA-Cys-GCA-14-1,804.20984,830.2758,1374.9316,1291.3243
tRNA-Cys-GCA-2-2,13424.207,12870.029,19118.504,17879.662
tRNA-Cys-GCA-2-3,8677.542,8622.455,12540.062,11376.598
tRNA-Cys-GCA-2-4,11132.181,10483.633,12744.672,12274.445
tRNA-Cys-GCA-2-1,9835.531,9926.9375,11916.715,10723.695
tRNA-Cys-GCA-4-1,17257.945,17122.756,16504.791,14651.622
tRNA-Gln-TTG-1-1,13575.653,13419.495,16130.514,15168.012
tRNA-Arg-CCG-2-1,15192.697,17007.209,20522.01,20637.727
tRNA-Arg-CCT-1-1,8707.969,7917.486,5125.2925,6022.862
tRNA-Arg-CCT-2-1,3749.2888,4103.998,4277.0654,4483.5815
tRNA-Arg-TCG-3-1,4510.926,5236.2583,4455.8613,4416.89
tRNA-Gly-TCC-1-1,2403.765,2344.703,5870.1406,5326.827
tRNA-Val-CAC-3-1,3382.9,3316.7637,4262.307,3726.5737
tRNA-Lys-CTT-10-1,42.91362,42.9741,31.191032,32.31003
tRNA-Ile-TAT-1-1,913.5872,916.96936,1165.2365,1171.693
tRNA-SeC-TCA-1-1,3563.9587,3446.4639,4747.2188,4595.1963
tRNA-Lys-CTT-11-1,851.9049,848.5647,888.10016,877.5294
tRNA-Asn-GTT-26-1,6.588956,6.565567,13.28189,12.003087
tRNA-Glu-TTC-14-1,2300.665,2210.1187,2109.6047,2053.4834
tRNA-Tyr-GTA-2-1,32730.527,31389.262,42249.477,40554.523
tRNA-Ala-AGC-8-1,3024.434,2832.3333,4012.1174,4125.753
tRNA-Ala-AGC-8-2,2636.4307,2398.4333,3764.378,3516.0837
tRNA-Ile-TAT-2-1,1599.9058,1651.0171,2596.2415,2601.796
tRNA-Ile-TAT-2-2,1931.6256,1984.502,3340.9624,3302.475
tRNA-Ile-TAT-2-3,730.79926,744.7553,1071.4427,967.1046
tRNA-Ala-CGC-3-1,2941.2893,2968.059,3055.6384,3203.746
tRNA-Arg-ACG-2-1,829.21173,882.92267,648.7803,686.89984
tRNA-Arg-ACG-2-2,3175.9778,2941.1028,2977.594,2954.589
tRNA-Arg-ACG-2-3,839.5716,884.62506,966.21643,931.1983
tRNA-Arg-ACG-2-4,3146.0286,3225.8064,3298.232,3473.2756
tRNA-Cys-GCA-6-1,2952.5977,3048.575,3830.0605,3586.6284
tRNA-Cys-GCA-9-1,477.7551,493.33783,499.51462,491.24506
tRNA-Cys-GCA-9-2,484.6634,494.63977,560.56256,545.1262
tRNA-Cys-GCA-9-3,526.76605,532.7317,563.9533,542.2292
tRNA-Cys-GCA-9-4,474.5556,491.09116,514.0215,502.92926
tRNA-Val-AAC-1-1,6307.9326,5721.05,5037.877,4951.0786
tRNA-Val-AAC-1-2,8058.2437,8070.9473,8297.09,8014.592
tRNA-Val-AAC-1-3,4886.547,5113.1675,5498.2397,4986.354
tRNA-Val-AAC-1-4,6057.0786,5728.8647,4654.2217,4267.7793
tRNA-Val-AAC-1-5,6488.2354,6193.4277,5805.9136,5859.4907
tRNA-Lys-CTT-9-1,9.870755,9.835921,7.987763,8.113789
tRNA-Leu-AAG-1-1,6498.9883,6200.096,6311.57,6055.7173
tRNA-Leu-AAG-1-2,4960.694,5247.7417,5355.3477,5020.055
tRNA-Leu-AAG-1-3,3936.0154,3959.9128,5623.1504,5015.3687
tRNA-Val-AAC-2-1,160865.34,153007.8,107454.016,92662.3
tRNA-Thr-TGT-6-1,286.61865,296.40732,275.88324,284.05197
tRNA-Arg-TCG-4-1,931.949,919.37286,909.5337,931.56274
tRNA-Ser-GCT-6-1,1509.0505,1514.9535,1525.6987,1572.0767
tRNA-Gln-TTG-3-1,9167.427,8248.12,15292.862,13434.931
tRNA-Gln-TTG-3-2,15618.975,14115.44,31494.93,27384.37
tRNA-Gln-TTG-3-3,14831.547,14914.466,16199.232,15929.775
tRNA-Ser-TGA-3-1,4505.5767,4267.193,5403.417,5266.6294
tRNA-Arg-TCG-2-1,773.0733,754.73676,592.79584,618.61896
tRNA-Thr-AGT-2-1,320.18768,310.0198,215.2386,215.53325
tRNA-Thr-AGT-2-2,480.77777,483.24362,272.13895,280.49704
tRNA-Ala-CGC-1-1,4209.1616,4405.9487,5277.4365,5413.345
tRNA-Tyr-GTA-1-1,21636.082,23471.607,31951.549,35262.832
tRNA-Ala-AGC-11-1,1940.927,1746.3099,1990.1482,2081.9915
tRNA-Tyr-GTA-8-1,11336.87,11560.169,14998.722,14119.304
tRNA-Tyr-GTA-3-1,6649.9736,6163.8164,7309.7656,7371.152
tRNA-Tyr-GTA-6-1,7824.628,8355.476,15138.662,16227.141
tRNA-Ala-AGC-14-1,2.851365,2.790148,2.7270546,2.791877
tRNA-Ala-AGC-14-2,2.5191503,2.5431576,2.7935517,2.7484167
tRNA-Ala-AGC-12-1,2.3260124,2.3261578,2.323963,2.325549
tRNA-Ala-AGC-12-2,2.6963758,2.7112134,2.7765567,2.8094316
tRNA-Ala-AGC-12-3,2.2928627,2.297027,2.3018196,2.30373
tRNA-Ala-AGC-10-1,2.4568875,2.4588315,2.504809,2.5095742
tRNA-Ala-AGC-10-2,2.2498276,2.2786283,2.3279636,2.3521137
tRNA-Met-CAT-5-1,45.28862,47.10474,67.55761,64.14434
tRNA-Met-CAT-5-2,74.96071,73.80931,68.38074,70.14753
tRNA-Ala-AGC-13-1,2.1689017,2.1705883,2.1967967,2.1681802
tRNA-Ala-AGC-13-3,2.6073954,2.6080592,2.8024611,2.803202
tRNA-Ala-AGC-13-2,3.767007,4.0935287,4.82351,5.1913304
tRNA-Ile-AAT-7-1,813.0601,819.7629,850.9655,802.64526
tRNA-Ile-AAT-7-2,835.9559,849.3296,1088.6003,1061.1133
tRNA-Ala-AGC-9-1,127.21178,115.80032,106.01051,99.49192
tRNA-Ala-AGC-9-2,72.19966,69.50348,70.77418,70.04295
tRNA-Met-CAT-4-1,234.98872,231.26369,241.05205,268.4824
tRNA-Met-CAT-4-2,218.45554,202.98064,330.56662,332.5165
tRNA-Met-CAT-4-3,360.4938,311.54807,395.40094,413.76202
tRNA-Ile-AAT-6-1,393.25568,386.38593,315.2718,303.10248
tRNA-Pro-CGG-2-1,2127.0242,2196.3206,3211.0269,2829.618
tRNA-Ser-GCT-1-1,1228.7491,1231.0419,1428.946,1359.2869
tRNA-Thr-AGT-6-1,431.9666,482.32132,535.67535,602.20416
tRNA-Val-CAC-6-1,328.99402,311.0287,347.99518,360.6051
tRNA-Ser-CGA-2-1,424.45627,385.60107,652.49756,603.1448
tRNA-Leu-TAA-4-1,102.63651,105.19771,89.1109,94.76239
tRNA-Val-AAC-5-1,5834.854,5577.8105,5008.6895,4938.4976
tRNA-Ile-AAT-9-1,13.796665,12.878809,9.633215,11.0756
tRNA-Ile-AAT-3-1,624.9557,580.4597,693.32477,648.75665
tRNA-Val-CAC-2-1,18979.2,19927.822,24421.963,24348.441
tRNA-Val-TAC-4-1,463.27783,450.8562,301.54388,302.35745
tRNA-Gln-CTG-5-1,40760.395,36542.594,41229.15,38740.3
tRNA-Ser-GCT-2-1,2350.3718,2345.2253,3143.6484,3123.8013
tRNA-Lys-TTT-6-1,877.00867,788.7475,1390.0038,1360.3628
tRNA-Ser-TGA-4-1,3065.6917,3063.032,3725.224,3737.4607
tRNA-Ser-AGA-3-1,2859.9558,2767.459,3853.1772,3887.9148
tRNA-Ser-AGA-1-1,4924.568,5398.672,5638.038,5427.5127
tRNA-Ser-TGA-2-1,4107.4966,4030.8186,4468.1846,4845.8394
tRNA-Gln-CTG-2-1,34239.195,33397.457,45574.516,41565.05
tRNA-Ser-AGA-4-1,3676.252,3797.4412,4472.354,4393.6953
tRNA-Arg-TCT-5-1,707.4494,706.9202,967.97766,890.4633
tRNA-Asp-GTC-3-1,3001.9524,3101.3826,4830.3794,4559.085
tRNA-Lys-TTT-4-1,1564.6246,1660.5077,1790.0311,1819.6844
tRNA-Leu-CAA-3-1,539.5982,518.185,624.06683,611.75745
tRNA-Leu-CAA-2-1,533.40546,506.38968,642.23254,585.1966
tRNA-Thr-CGT-5-1,2.157165,2.1582944,2.155557,2.1515684
tRNA-Val-AAC-3-1,7210.3003,6923.085,6845.0786,6539.4365
tRNA-Ile-AAT-8-1,785.6498,848.6427,860.47363,851.9753
tRNA-Ser-CGA-3-1,155.35524,152.76845,183.89305,167.6887
tRNA-Val-AAC-4-1,10578.132,9888.591,6745.035,5983.6978
tRNA-Ile-AAT-2-1,623.3103,597.7195,637.12494,689.30194
tRNA-Leu-TAA-2-1,230.33076,252.88597,269.5116,274.15906
tRNA-Thr-AGT-4-1,78.23245,79.32272,68.749245,70.819336
tRNA-iMet-CAT-2-1,3216.493,3226.5144,3726.2092,3555.0386
tRNA-Gln-CTG-6-1,6704.6533,7124.3984,13403.582,14032.574
tRNA-Ser-GCT-5-1,4814.7905,4729.64,4462.6763,4485.3335
tRNA-Thr-TGT-1-1,247.69717,289.91904,157.14487,159.02716
tRNA-Leu-AAG-4-1,1296.4425,1200.3302,2100.2336,1948.9677
tRNA-Thr-CGT-1-1,17.276793,18.444359,16.379011,16.127659
tRNA-Ile-TAT-3-1,724.63904,831.76886,1284.9534,1172.8739
tRNA-Arg-TCG-5-1,304.14316,341.60367,176.17345,193.67137
tRNA-Gln-TTG-2-1,16591.207,15947.645,9863.984,9012.326
tRNA-Ala-AGC-3-1,7304.5635,7137.7954,8440.037,8829.011
tRNA-Ala-TGC-2-1,4969.056,5097.5454,5487.7173,5420.9297
tRNA-Thr-CGT-3-1,1206.548,1280.7549,1807.0238,1715.3344
tRNA-Ala-AGC-4-1,5848.5435,5952.677,7391.7334,7146.421
tRNA-Ala-CGC-2-1,5581.798,5414.1753,7238.964,6707.9517
tRNA-Ala-AGC-5-1,742.4298,742.4161,768.0611,764.32983
tRNA-Ala-AGC-7-1,1579.0046,1567.8964,1645.9685,1587.334
tRNA-Thr-AGT-3-1,21.772614,22.369268,28.5614,29.573563
tRNA-Ala-CGC-4-1,428.08533,440.90753,563.81506,551.97003
tRNA-Lys-TTT-7-1,2.8201776,2.8252194,3.0895329,2.9604146
tRNA-Ala-TGC-6-1,645.3507,628.1639,974.0858,924.34296
tRNA-Phe-GAA-6-1,25.672686,26.74589,24.881573,38.307407
tRNA-Ala-TGC-1-1,3018.476,2919.833,4121.4624,4249.349
tRNA-Ala-AGC-1-1,737.2497,665.4794,1090.8824,1021.67816
tRNA-Ala-TGC-7-1,351.0271,357.89124,288.91272,284.1748
tRNA-Phe-GAA-3-1,131.67514,147.82144,125.19725,132.63766
tRNA-Ala-AGC-6-1,83.16103,94.499535,148.12569,141.30739
tRNA-Ala-TGC-5-1,250.5932,274.84933,321.07892,341.13632
tRNA-Phe-GAA-4-1,162.01065,151.12413,268.2961,278.59387
tRNA-Ala-AGC-2-1,3462.0571,3467.2263,4707.2393,4675.4526
tRNA-Ala-AGC-2-2,1235.8876,1268.5215,1332.184,1307.3696
tRNA-Leu-CAA-1-1,537.93823,466.36215,722.1849,635.74756
tRNA-Leu-CAA-1-2,463.93365,446.7275,555.9167,490.8328
tRNA-Met-CAT-3-1,111.37827,98.23979,243.84749,266.32745
tRNA-Met-CAT-3-2,207.30307,197.69492,298.8238,302.2861
tRNA-Leu-AAG-3-1,7458.1895,7350.72,4138.115,4126.4214
tRNA-Ile-AAT-12-1,323.23404,321.97372,373.94354,357.29816
tRNA-Ala-AGC-24-1,2.368901,2.3801198,2.3718321,2.3908312
tRNA-Ile-AAT-1-1,725.6322,696.5546,674.7885,643.018
tRNA-Met-CAT-7-1,2.0862963,2.0873275,2.0953786,2.0951297
tRNA-Ala-AGC-16-1,2.086019,2.0989065,2.120344,2.1183872
tRNA-Leu-TAA-1-1,1795.714,1761.2162,2189.9692,1902.2583
tRNA-Gln-TTG-4-1,4450.2476,4470.5625,5107.6914,4950.4863
tRNA-Trp-CCA-5-1,723.9419,674.1331,1079.6031,1273.0308
tRNA-Arg-CCT-4-1,7027.0234,7617.9766,7681.87,7298.062
tRNA-Cys-GCA-1-1,2415.4722,2457.2253,2671.9133,2500.5037
tRNA-Cys-GCA-13-1,345.208,360.3337,376.37537,372.07797
tRNA-Cys-GCA-18-1,144.14998,136.81116,151.2465,149.78249
tRNA-Cys-GCA-10-1,361.13397,360.50238,412.74908,393.88214
tRNA-Cys-GCA-11-1,1514.1805,1395.4144,1705.8496,1982.4211
tRNA-Cys-GCA-16-1,106.99632,107.606964,94.761856,99.21966
tRNA-Cys-GCA-22-1,202.22797,211.8838,199.0268,192.57274
tRNA-Cys-GCA-15-1,347.17975,356.6113,439.2032,421.7414
tRNA-Cys-GCA-3-1,256.28683,254.02954,249.38496,253.46536
tRNA-Cys-GCA-23-1,118.70692,115.358795,134.94794,130.50043
tRNA-Cys-GCA-20-1,177.39516,181.59924,178.46046,170.03203
tRNA-Cys-GCA-19-1,312.49002,323.8423,322.52542,317.5346
tRNA-Cys-GCA-12-1,67.80515,67.666664,78.02698,74.37188
tRNA-Cys-GCA-21-1,171.52121,162.49147,137.2489,133.26222
tRNA-Cys-GCA-17-1,440.62607,509.26788,907.0012,938.695
tRNA-Tyr-GTA-9-1,124.68894,124.039566,134.2454,137.37593
tRNA-Met-CAT-1-1,3144.274,3266.6462,4815.201,4546.433
tRNA-Arg-TCG-6-1,165.90079,167.78246,161.25946,163.5345
tRNA-Ile-GAT-1-1,297.42007,296.51413,301.40997,293.31717
tRNA-Ile-GAT-1-2,313.96198,292.24747,381.48975,378.48584
tRNA-Ile-GAT-1-3,194.72577,194.27095,192.73174,189.75694
