gene_id,CN34-Par-1,CN34-Par-2,CN34-LM1a-1,CN34-LM1a-2
tRNA-Asn-GTT-5-1,345.41162,323.85214,378.4478,386.8475
tRNA-Glu-TTC-4-1,3177.7102,3197.363,4133.451,4167.7197
tRNA-Glu-TTC-4-2,1316.9045,1409.3046,1308.3085,1271.1918
tRNA-Gly-CCC-1-1,22150.504,21848.562,23863.637,24123.494
tRNA-Gly-CCC-1-2,25107.244,24026.686,21098.25,23271.047
tRNA-Glu-TTC-3-1,1894.5544,1757.7362,1522.1519,1668.4076
tRNA-Asn-GTT-4-1,346.79715,355.0971,547.7041,531.7476
tRNA-Lys-CTT-7-1,492.9838,492.30057,529.9005,540.9078
tRNA-Cys-GCA-7-1,2728.4539,2907.1238,3054.4045,3172.566
tRNA-Arg-TCT-1-1,56380.79,58000.71,76228.375,79275.09
tRNA-Asn-GTT-7-1,105.32821,93.98657,111.34268,111.79566
tRNA-Asn-GTT-11-1,3.3814077,3.379842,3.4397178,3.4447978
tRNA-Asn-GTT-11-2,3.2058947,3.2036147,3.2972934,3.2946522
tRNA-Val-CAC-5-1,8421.701,8618.626,4787.8193,4753.081
tRNA-Asn-GTT-27-1,40.637318,39.117947,52.08851,51.62062
tRNA-Gln-CTG-4-2,6262.248,6753.0566,11105.772,10728.801
tRNA-Gln-CTG-4-1,3182.4863,3261.4268,4129.543,4238.714
tRNA-Asn-GTT-6-1,490.75397,444.90567,701.65704,694.9822
tRNA-Val-CAC-4-1,8993.954,8863.477,6538.3,6524.1772
tRNA-Asn-GTT-12-1,31.673883,30.626577,75.54803,71.19136
tRNA-Asn-GTT-3-1,499.43704,447.58676,485.26382,469.33447
tRNA-Asn-GTT-2-8,363.80435,344.00204,468.73825,463.34766
tRNA-Asn-GTT-2-7,440.43854,403.39484,418.5608,413.72647
tRNA-Asn-GTT-2-1,560.7916,570.5068,612.7162,611.54315
tRNA-Asn-GTT-2-2,248.74722,255.64047,346.17117,316.31155
tRNA-Asn-GTT-2-3,574.2917,516.8884,604.3597,595.7074
tRNA-Asn-GTT-2-4,465.58038,494.24722,719.11084,663.798
tRNA-Asn-GTT-2-5,349.35483,335.15027,427.31998,404.7932
tRNA-Asn-GTT-2-6,331.7632,331.44537,502.32687,487.36658
tRNA-Asn-GTT-10-1,116.557594,114.32719,151.53511,155.3539
tRNA-Val-CAC-14-1,3352.3887,3474.998,2917.8438,2856.5134
tRNA-Gln-CTG-3-1,3855.2688,4014.4307,6229.6924,6630.6294
tRNA-Gln-CTG-3-2,3781.457,3829.4329,5906.784,6227.9053
tRNA-Asn-GTT-9-1,91.383736,87.93322,209.48857,200.8329
tRNA-Asn-GTT-9-2,90.29707,99.30929,231.4339,234.79549
tRNA-Glu-CTC-1-1,19503.531,20998.46,23269.4,23990.2
tRNA-Glu-CTC-1-2,13804.066,15045.304,14385.401,15152.899
tRNA-Glu-CTC-1-3,11764.629,13183.826,11875.745,12564.681
tRNA-Glu-CTC-1-4,18081.756,18331.98,21068.16,21595.516
tRNA-Glu-CTC-1-5,20495.14,19760.572,17642.877,17712.943
tRNA-Glu-CTC-1-6,17675.129,18718.049,20756.014,21456.934
tRNA-Glu-CTC-1-7,21369.527,20834.025,21772.598,22584.258
tRNA-Gly-TCC-2-1,1363.3606,1545.2607,1480.9797,1405.677
tRNA-Gly-TCC-2-2,2022.9026,2125.5188,2032.8208,1999.7882
tRNA-Gly-TCC-2-3,2662.704,2758.648,2022.2728,2004.2388
tRNA-Gly-TCC-2-4,3130.6313,3234.8005,3101.9792,3134.284
tRNA-Gly-TCC-2-5,2339.668,2408.8247,2876.5593,2928.5508
tRNA-Gly-TCC-2-6,2454.0261,2754.5007,2166.833,2216.4595
tRNA-His-GTG-1-1,27001.621,24850.88,48545.566,50633.94
tRNA-His-GTG-1-2,32923.48,30252.957,50734.016,52275.74
tRNA-His-GTG-1-3,23058.035,22424.531,31077.812,32906.49
tRNA-His-GTG-1-4,16534.482,16438.916,21872.883,23196.22
tRNA-His-GTG-1-7,30342.46,29621.475,52044.586,52038.395
tRNA-His-GTG-1-8,29446.996,26613.719,28094.459,30634.834
tRNA-His-GTG-1-9,16988.422,15977.411,23421.562,25860.209
tRNA-His-GTG-1-5,42462.21,39376.52,48254.035,49753.24
tRNA-His-GTG-1-6,35313.777,36042.11,45996.664,46603.79
tRNA-Lys-CTT-2-1,3568.3152,3493.1462,2960.7478,2883.6606
tRNA-Lys-CTT-2-5,3479.7908,3484.597,3936.4058,3837.6204
tRNA-Lys-CTT-2-2,6127.534,5565.163,5624.845,5586.663
tRNA-Lys-CTT-2-3,3391.8208,3662.9758,6893.461,6769.03
tRNA-Lys-CTT-2-4,4032.7297,4026.7227,2773.0166,2944.318
tRNA-Asn-GTT-24-1,310.95035,308.70996,379.66833,362.38443
tRNA-Gln-CTG-7-1,999.35754,995.6748,2830.98,2716.1343
tRNA-Asn-GTT-25-1,11.2001505,9.815241,12.951552,12.791819
tRNA-Val-CAC-1-7,5483.746,5766.574,5855.739,5913.34
tRNA-Val-CAC-1-1,12193.752,12886.697,7879.0483,8786.805
tRNA-Val-CAC-1-2,8316.226,8846.063,8958.939,9145.086
tRNA-Val-CAC-1-3,12354.922,13362.887,10333.573,10673.941
tRNA-Val-CAC-1-4,10185.27,10131.522,7833.6587,7661.9595
tRNA-Val-CAC-1-5,10479.566,10416.8125,8796.516,8696.113
tRNA-Val-CAC-1-6,9014.061,9150.045,9323.358,8990.786
tRNA-Asn-GTT-8-1,60.292915,50.260708,90.4411,86.0998
tRNA-iMet-CAT-1-1,5688.4307,5774.409,7252.6626,7357.278
tRNA-iMet-CAT-1-8,6310.8936,6268.382,5695.5605,6045.874
tRNA-iMet-CAT-1-2,3342.723,3104.4326,3384.8416,3586.5999
tRNA-iMet-CAT-1-3,6270.785,5827.8115,6338.391,6916.5986
tRNA-iMet-CAT-1-4,6880.7183,6816.0547,9079.952,9075.901
tRNA-iMet-CAT-1-5,4710.576,4766.819,5437.557,5477.001
tRNA-iMet-CAT-1-6,5069.024,4884.541,5386.321,5532.0244
tRNA-iMet-CAT-1-7,3649.9453,3193.7275,2576.0486,2864.0916
tRNA-Arg-TCT-4-1,877.9936,736.3307,2967.4253,3427.1826
tRNA-Gly-TCC-4-1,1097.2845,1179.6152,864.46906,803.3263
tRNA-Asp-GTC-2-1,12925.276,12961.811,8726.996,8582.882
tRNA-Asp-GTC-2-2,6008.0615,5957.3374,6383.2344,6213.706
tRNA-Asp-GTC-2-3,6609.921,6504.9927,8615.511,8230.06
tRNA-Asp-GTC-2-4,10287.451,10187.256,10451.79,10032.368
tRNA-Asp-GTC-2-5,8013.686,8102.39,8233.265,8510.752
tRNA-Asp-GTC-2-8,7411.725,7162.88,8137.6606,8135.0146
tRNA-Asp-GTC-2-9,5347.254,5061.4634,4074.407,4119.8584
tRNA-Asp-GTC-2-10,16449.297,16354.384,24248.246,23166.783
tRNA-Asp-GTC-2-11,4352.577,4178.909,4447.7095,4423.356
tRNA-Asp-GTC-2-6,11285.114,11065.6875,8551.072,8280.729
tRNA-Asp-GTC-2-7,12849.882,12679.371,13623.659,13120.776
tRNA-Leu-CAG-1-1,3315.2883,3484.0994,2056.294,2319.291
tRNA-Leu-CAG-1-2,3388.4233,3481.362,3109.676,3233.334
tRNA-Leu-CAG-1-3,3974.168,4045.3452,4304.678,4386.4175
tRNA-Leu-CAG-1-4,3422.7837,3402.3796,3423.424,3548.1833
tRNA-Leu-CAG-1-5,2839.5696,2873.2698,2510.4077,2732.0022
tRNA-Leu-CAG-1-6,3399.4392,3823.471,3164.9434,3428.3135
tRNA-Leu-CAG-1-7,3062.9814,3259.179,3783.5173,3799.392
tRNA-Gly-GCC-1-1,27576.852,28099.287,33378.344,33785.934
tRNA-Gly-GCC-1-2,41506.707,42976.438,38701.473,39648.5
tRNA-Gly-GCC-1-3,29601.0,30165.012,37158.88,38364.18
tRNA-Gly-GCC-1-4,23775.744,23232.467,28551.691,30344.186
tRNA-Gly-GCC-1-5,41445.402,37138.055,47152.832,48073.992
tRNA-Gly-GCC-4-1,1971.1194,2113.108,1025.552,1095.3467
tRNA-Gly-GCC-2-1,42354.867,49585.527,72913.49,75397.17
tRNA-Gly-GCC-2-4,47097.29,49087.656,62364.656,65192.453
tRNA-Gly-GCC-2-5,55558.305,48838.63,60878.99,64770.633
tRNA-Gly-GCC-2-6,36258.375,34194.207,42483.24,44849.598
tRNA-Gly-GCC-2-2,45652.098,44649.66,44608.62,45107.586
tRNA-Gly-GCC-2-3,42270.008,38748.266,51667.895,57967.555
tRNA-Asn-GTT-1-1,420.83743,426.39108,399.3648,366.15283
tRNA-Leu-CAA-6-1,96.93617,101.32823,119.64972,122.13307
tRNA-Pro-CGG-1-1,4271.872,3974.344,3619.7476,3789.1414
tRNA-Pro-CGG-1-2,3274.6392,3161.3262,2238.2651,2409.2546
tRNA-Pro-CGG-1-3,2944.9956,2911.3123,2689.458,2778.29
tRNA-Pro-AGG-2-1,2807.6025,2931.5664,3027.8687,3184.2961
tRNA-Pro-AGG-2-4,2149.646,2120.8088,2112.8691,2218.4941
tRNA-Pro-AGG-2-5,1622.3741,1541.3932,2044.2089,2003.8639
tRNA-Pro-AGG-2-6,2727.0078,2749.7542,2311.0986,2562.8901
tRNA-Pro-AGG-2-7,3556.6416,3548.4106,3216.427,3233.9175
tRNA-Pro-AGG-2-8,4168.023,4149.066,3374.3171,3552.7505
tRNA-Pro-AGG-2-2,3107.0193,2707.0574,2413.0496,2522.6646
tRNA-Pro-AGG-2-3,3038.158,3035.7249,3305.1418,3364.795
tRNA-Lys-TTT-3-1,5482.88,5812.138,5536.6816,5667.6816
tRNA-Lys-TTT-3-2,2664.7573,2621.5703,3259.5388,3186.882
tRNA-Lys-TTT-3-4,4401.5327,4481.374,4972.5986,5032.445
tRNA-Lys-TTT-3-5,1929.8887,1831.7797,3194.6145,3232.3872
tRNA-Lys-TTT-3-3,4177.9893,4373.7646,3155.6846,3260.9915
tRNA-Thr-TGT-2-1,1510.9559,1460.1626,1211.66,1243.984
tRNA-Leu-CAA-4-1,3179.7737,2897.9065,2425.2576,2437.01
tRNA-Glu-CTC-2-1,14904.886,14562.144,18302.969,19683.953
tRNA-Val-TAC-3-1,4076.9746,4063.9758,1533.4995,1467.8087
tRNA-Ser-TGA-1-1,968.16833,929.5181,1019.94055,1038.6587
tRNA-Val-TAC-1-1,11030.508,10550.61,5113.323,5315.2583
tRNA-Val-TAC-1-2,9992.954,9614.487,4675.0664,4811.246
tRNA-Val-TAC-2-1,5855.452,5546.9795,5768.153,5749.853
tRNA-Arg-TCT-3-2,3076.7217,2359.678,6048.036,6298.6533
tRNA-Arg-TCT-3-1,3413.901,3323.196,4699.5845,4996.7905
tRNA-Leu-TAA-3-1,917.7965,873.5083,1207.1758,1130.9056
tRNA-Lys-TTT-5-1,2659.1667,2666.6128,3028.9917,2984.406
tRNA-Phe-GAA-1-3,421.62543,356.55966,453.8383,453.99432
tRNA-Phe-GAA-1-4,707.6398,653.2701,918.9664,951.3599
tRNA-Phe-GAA-1-5,478.8614,482.26746,554.1867,566.9275
tRNA-Phe-GAA-1-6,630.38184,614.63617,805.4218,808.953
tRNA-Phe-GAA-1-1,327.1238,318.97443,437.08224,409.01587
tRNA-Phe-GAA-1-2,649.2518,528.2197,498.9401,450.59073
tRNA-Phe-GAA-2-1,247.79216,241.69865,251.15182,256.4658
tRNA-Ser-GCT-3-1,4465.6064,4689.573,8102.192,8598.203
tRNA-Pro-TGG-2-1,9453.411,10317.52,11074.462,11665.62
tRNA-Lys-TTT-2-1,331.97556,315.2997,427.6158,435.88022
tRNA-Lys-TTT-11-1,2.616041,2.6030207,2.6184874,2.620368
tRNA-Ser-CGA-4-1,1469.6417,1564.1034,2005.4833,2020.7241
tRNA-Asp-GTC-1-1,2684.327,2737.1287,2186.664,2176.2266
tRNA-Trp-CCA-4-1,3905.7273,3647.1958,3685.3958,3562.5195
tRNA-Ala-TGC-3-2,2858.5857,3017.0337,4412.717,4739.712
tRNA-Ala-TGC-3-1,3122.4077,2952.6875,3221.174,3058.775
tRNA-Ala-TGC-4-1,5482.8223,5773.398,6179.5967,5868.3794
tRNA-Glu-TTC-1-2,8542.05,9538.46,11939.605,13034.484
tRNA-Glu-TTC-1-1,10911.983,11372.966,11973.56,12518.122
tRNA-Glu-TTC-2-1,58828.273,65091.13,75428.18,75698.51
tRNA-Glu-TTC-2-2,20179.367,22067.55,17397.146,18330.914
tRNA-Leu-AAG-2-3,4273.496,4538.4546,6857.225,6776.457
tRNA-Leu-AAG-2-4,4734.5234,5362.0176,5565.8403,5530.741
tRNA-Leu-AAG-2-1,6325.169,7357.1953,9788.3,9905.837
tRNA-Leu-AAG-2-2,5285.0293,5967.5024,6078.2964,5648.5654
tRNA-Thr-TGT-3-1,1497.2362,1427.011,1243.4529,1328.5529
tRNA-Leu-TAG-2-1,3491.7935,3587.8708,5451.6367,5766.46
tRNA-Thr-TGT-4-1,1282.7045,1392.4363,900.3889,931.58246
tRNA-Pro-TGG-1-1,2822.4854,2866.9443,3323.5212,3435.8774
tRNA-Tyr-GTA-5-3,21141.64,21315.719,14835.302,14052.068
tRNA-Tyr-GTA-5-4,42206.32,44250.375,47261.68,50194.777
tRNA-Tyr-GTA-5-5,20590.156,16623.703,13745.254,13373.897
tRNA-Tyr-GTA-5-1,29810.975,29255.592,30709.225,27968.807
tRNA-Tyr-GTA-5-2,18120.465,20562.027,36322.258,37543.555
tRNA-Tyr-GTA-4-1,4348.95,3955.235,5554.799,5362.2056
tRNA-Tyr-GTA-7-1,5277.949,5436.202,4872.0293,4850.063
tRNA-Thr-TGT-5-1,2584.7512,2596.1025,2431.7158,2575.7607
tRNA-Pro-TGG-3-2,3496.0825,3859.063,3116.7554,3495.313
tRNA-Pro-TGG-3-3,3688.3982,4060.1306,3986.2207,4029.4229
tRNA-Pro-TGG-3-4,2672.2046,2501.9287,2702.4211,2781.5647
tRNA-Pro-TGG-3-5,4465.4766,4255.4995,2927.2502,3008.1062
tRNA-Pro-TGG-3-1,3228.6929,3313.851,2945.3306,3151.7861
tRNA-Arg-ACG-1-3,5912.031,5348.866,22599.85,23111.947
tRNA-Arg-ACG-1-1,1700.7198,1464.2144,3498.0542,3320.7695
tRNA-Arg-ACG-1-2,2878.9905,2887.911,5403.11,6123.6025
tRNA-Lys-CTT-1-1,2816.9905,2871.2705,3103.0537,3076.1543
tRNA-Lys-CTT-1-2,7233.6353,6861.2285,6479.222,6626.0986
tRNA-Cys-GCA-8-1,1197.8699,1230.6416,1431.2206,1482.494
tRNA-Ala-AGC-15-1,64.33386,64.99977,71.80234,72.52556
tRNA-Ile-AAT-5-4,1162.4469,1259.958,1092.1538,1136.6661
tRNA-Ile-AAT-5-5,584.7415,614.98206,838.68243,868.5904
tRNA-Ile-AAT-5-1,585.16376,563.9593,675.16864,664.9429
tRNA-Ile-AAT-5-2,978.1089,900.4693,1209.0134,1175.9194
tRNA-Ile-AAT-5-3,716.4216,727.8632,899.17676,883.2969
tRNA-Ser-GCT-4-2,2122.1846,2224.0828,3126.1873,3263.0571
tRNA-Ser-GCT-4-3,1893.4476,1897.2527,2693.7622,2671.1096
tRNA-Ser-GCT-4-1,2236.9,2217.2876,2666.7678,2680.417
tRNA-Gln-CTG-1-4,24844.098,25668.354,29732.018,30303.975
tRNA-Gln-CTG-1-5,42113.88,50250.785,59616.668,62725.594
tRNA-Gln-CTG-1-1,24867.346,25702.277,32609.33,33352.824
tRNA-Gln-CTG-1-2,17149.625,17992.678,38138.18,38271.88
tRNA-Gln-CTG-1-3,26447.13,27372.443,33754.59,34359.656
tRNA-Cys-GCA-5-1,5540.3135,5725.8853,6683.0645,6858.712
tRNA-Arg-TCG-1-1,10576.93,10865.967,14197.481,14619.947
tRNA-Gly-CCC-2-2,6293.3135,6426.653,8791.749,8826.583
tRNA-Gly-CCC-2-1,13298.682,13719.265,12763.118,13623.623
tRNA-Arg-CCG-1-3,955.7035,981.6708,3874.6067,3961.5203
tRNA-Arg-CCG-1-1,1063.0643,925.1468,2108.7458,2297.7393
tRNA-Arg-CCG-1-2,5384.9854,5509.0996,7132.414,7306.3696
tRNA-Arg-CCT-3-1,4817.0635,5163.1606,5409.8105,5327.5312
tRNA-Lys-CTT-3-1,1876.9495,1794.7598,2293.0764,2275.103
tRNA-Lys-CTT-8-1,21.624369,21.697945,25.353098,25.53618
tRNA-Lys-CTT-5-1,223.73615,230.058,284.40067,290.3548
tRNA-Lys-CTT-4-1,3721.0303,3635.673,3512.0068,3519.6487
tRNA-Pro-AGG-1-1,4424.0083,4705.6807,3102.6394,3277.6667
tRNA-Arg-CCT-5-1,2928.8586,2713.751,1590.1643,1528.8861
tRNA-Thr-CGT-2-1,2208.5122,2347.662,4140.72,4225.769
tRNA-Leu-TAG-3-1,2349.418,2514.987,2983.0806,3148.6604
tRNA-Leu-CAG-2-1,2503.8198,2832.0898,2643.4075,2720.242
tRNA-Leu-CAG-2-2,3837.945,4420.9062,3868.5105,3998.2627
tRNA-Gly-GCC-3-1,48629.457,50589.344,62194.383,63883.543
tRNA-Gly-GCC-5-1,43113.56,45436.477,58752.723,60303.75
tRNA-Met-CAT-2-1,114.85485,114.23272,140.33072,146.31729
tRNA-Lys-TTT-1-1,309.36386,309.34302,451.6891,462.3698
tRNA-Met-CAT-6-1,2131.0957,2148.5918,2319.7158,2169.4688
tRNA-Leu-TAG-1-1,3742.4397,4210.8228,5578.2456,6206.2554
tRNA-Arg-TCT-2-1,3196.04,2617.705,10963.057,12140.612
tRNA-Ser-CGA-1-1,1663.9974,1764.185,1741.9691,1772.4845
tRNA-Thr-AGT-5-1,2706.483,2635.5054,1842.2886,1803.7789
tRNA-Trp-CCA-3-3,2740.8113,2641.4878,2091.7678,2060.61
tRNA-Trp-CCA-3-1,4016.2356,3721.5566,3048.6636,2850.7732
tRNA-Trp-CCA-3-2,1669.032,1650.6265,1903.6509,1919.0386
tRNA-Thr-AGT-1-1,2438.1008,2652.38,3094.0374,3043.4907
tRNA-Thr-AGT-1-2,1703.9191,1813.9305,1925.2684,1806.7946
tRNA-Thr-AGT-1-3,1567.3513,1532.55,1357.6228,1321.1036
tRNA-Trp-CCA-1-1,1651.1602,1704.0057,1618.4987,1484.0756
tRNA-Gly-TCC-3-1,2953.1716,3353.7097,3054.8428,2978.2434
tRNA-Ser-AGA-2-6,3282.7275,3245.733,3286.1318,3425.149
tRNA-Ser-AGA-2-1,3829.6833,3673.286,3536.239,3577.836
tRNA-Ser-AGA-2-2,4750.4927,4619.158,3818.3865,3907.894
tRNA-Ser-AGA-2-3,3375.3076,3502.534,4678.4917,4765.357
tRNA-Ser-AGA-2-4,3898.9172,4105.102,4456.7686,4801.7305
tRNA-Ser-AGA-2-5,2019.9414,1995.7247,2274.867,2359.3567
tRNA-Ile-AAT-4-1,349.17868,351.14548,423.4404,407.67297
tRNA-Trp-CCA-2-1,6495.75,6415.6636,9086.089,8691.722
tRNA-Gly-CCC-3-1,269.1911,278.82657,411.18893,423.89044
tRNA-Thr-CGT-4-1,7305.5825,7171.384,10143.4375,9495.064
tRNA-Cys-GCA-14-1,547.967,569.46234,830.92755,905.7382
tRNA-Cys-GCA-2-2,5252.083,5763.617,9582.071,10553.129
tRNA-Cys-GCA-2-3,4757.098,5647.528,12363.949,12580.056
tRNA-Cys-GCA-2-4,3588.3025,4104.0903,5325.4155,5599.977
tRNA-Cys-GCA-2-1,9751.63,9935.032,10893.691,11136.752
tRNA-Cys-GCA-4-1,3733.231,3139.3394,3352.2625,3412.0059
tRNA-Gln-TTG-1-1,23332.736,23673.992,46661.56,45119.78
tRNA-Arg-CCG-2-1,17826.992,16850.541,22634.879,22850.885
tRNA-Arg-CCT-1-1,2664.9,2465.9033,3418.092,3352.7522
tRNA-Arg-CCT-2-1,2927.5713,3106.9597,3676.3613,3506.8777
tRNA-Arg-TCG-3-1,1980.1292,2121.4734,8829.145,9068.069
tRNA-Gly-TCC-1-1,4439.8696,4215.148,2649.949,2651.8171
tRNA-Val-CAC-3-1,3584.5261,3643.1333,4118.4697,4144.562
tRNA-Lys-CTT-10-1,24.955822,26.660244,36.56175,38.357136
tRNA-Ile-TAT-1-1,1212.9991,1220.564,2228.8748,2201.194
tRNA-SeC-TCA-1-1,2464.5408,2411.307,3272.525,3225.96
tRNA-Lys-CTT-11-1,1006.1298,998.97906,1145.7397,1161.972
tRNA-Asn-GTT-26-1,4.5443935,4.5343485,4.9118958,4.957141
tRNA-Glu-TTC-14-1,3245.4304,3108.6382,2547.656,2608.8657
tRNA-Tyr-GTA-2-1,25422.623,26743.162,28294.4,29272.402
tRNA-Ala-AGC-8-1,2203.8657,2048.058,2005.8889,1997.6544
tRNA-Ala-AGC-8-2,2095.0586,1995.879,3013.1294,2921.6594
tRNA-Ile-TAT-2-1,593.30896,620.35895,1004.4997,990.9164
tRNA-Ile-TAT-2-2,567.63696,564.114,461.17932,439.414
tRNA-Ile-TAT-2-3,1102.9757,1173.226,1308.5653,1278.3739
tRNA-Ala-CGC-3-1,9363.679,9783.662,10236.88,9720.68
tRNA-Arg-ACG-2-1,753.8542,792.3544,2089.793,2058.7747
tRNA-Arg-ACG-2-2,5223.4805,5202.2095,9734.878,10095.321
tRNA-Arg-ACG-2-3,2078.592,2048.753,5848.199,6099.9272
tRNA-Arg-ACG-2-4,1632.2286,1601.6146,2231.4841,2430.7031
tRNA-Cys-GCA-6-1,2864.1787,2930.6326,3650.2615,3747.0217
tRNA-Cys-GCA-9-1,401.3513,403.22873,424.96698,433.6397
tRNA-Cys-GCA-9-2,397.63834,392.3103,499.11823,517.45215
tRNA-Cys-GCA-9-3,371.45572,367.0803,384.5292,402.32242
tRNA-Cys-GCA-9-4,387.56442,394.83728,483.04755,506.21664
tRNA-Val-AAC-1-1,11453.754,11974.423,6565.5464,6764.391
tRNA-Val-AAC-1-2,4446.275,4569.3403,3708.681,4004.5684
tRNA-Val-AAC-1-3,5320.0283,5469.562,4630.8647,4792.965
tRNA-Val-AAC-1-4,11914.581,12576.9375,8002.8022,8482.994
tRNA-Val-AAC-1-5,6907.2227,7860.238,5756.4663,6068.5205
tRNA-Lys-CTT-9-1,13.758357,13.523632,15.519379,14.995086
tRNA-Leu-AAG-1-1,6382.437,6775.83,8167.5815,8488.553
tRNA-Leu-AAG-1-2,4519.6084,4692.1655,8280.187,7995.7744
tRNA-Leu-AAG-1-3,3690.0762,4342.421,6812.1357,6715.197
tRNA-Val-AAC-2-1,58743.094,63292.97,47284.492,48091.44
tRNA-Thr-TGT-6-1,162.17491,162.95114,120.55559,118.85449
tRNA-Arg-TCG-4-1,447.7229,431.73767,657.10736,587.13635
tRNA-Ser-GCT-6-1,2096.7393,2088.0918,2490.1858,2499.474
tRNA-Gln-TTG-3-1,6664.6987,7287.0854,11575.906,11205.228
tRNA-Gln-TTG-3-2,12232.527,13409.484,17412.816,17784.078
tRNA-Gln-TTG-3-3,11701.758,12220.049,14519.341,14919.298
tRNA-Ser-TGA-3-1,5200.937,4863.4927,4799.008,4690.221
tRNA-Arg-TCG-2-1,669.72565,660.09875,862.3225,849.70306
tRNA-Thr-AGT-2-1,503.3743,499.2027,513.95526,502.59195
tRNA-Thr-AGT-2-2,448.66357,408.65454,457.95822,453.7141
tRNA-Ala-CGC-1-1,8404.889,8114.3965,10166.053,10052.503
tRNA-Tyr-GTA-1-1,26408.959,23268.754,11734.098,11607.084
tRNA-Ala-AGC-11-1,1144.7805,1105.4539,1200.1953,1134.9902
tRNA-Tyr-GTA-8-1,12517.684,13161.821,16226.572,16726.611
tRNA-Tyr-GTA-3-1,11552.605,8979.667,16088.812,16364.625
tRNA-Tyr-GTA-6-1,3093.2664,3233.1096,2685.633,2730.4385
tRNA-Ala-AGC-14-1,2.4254975,2.5174372,2.5256112,2.5185194
tRNA-Ala-AGC-14-2,2.599002,2.5210114,2.5446835,2.53355
tRNA-Ala-AGC-12-1,2.3321352,2.334215,2.1577084,2.1596467
tRNA-Ala-AGC-12-2,2.4624665,2.4819717,2.444162,2.4450548
tRNA-Ala-AGC-12-3,2.259646,2.2574596,2.257367,2.260885
tRNA-Ala-AGC-10-1,2.301959,2.2964287,2.2403038,2.2475486
tRNA-Ala-AGC-10-2,2.5034359,2.486933,2.5249116,2.5307376
tRNA-Met-CAT-5-1,55.44742,67.041954,53.90264,55.13308
tRNA-Met-CAT-5-2,110.62423,104.50316,85.208435,76.575226
tRNA-Ala-AGC-13-1,2.3084512,2.3075223,2.352077,2.364537
tRNA-Ala-AGC-13-3,2.3546805,2.3605418,2.4988375,2.5442936
tRNA-Ala-AGC-13-2,2.211841,2.2101173,2.2306736,2.2331643
tRNA-Ile-AAT-7-1,672.54364,667.6406,984.79706,1028.2748
tRNA-Ile-AAT-7-2,818.9526,788.99677,1040.8939,1043.6539
tRNA-Ala-AGC-9-1,67.81163,66.91625,50.56421,55.061913
tRNA-Ala-AGC-9-2,105.86251,110.2248,149.6012,152.10208
tRNA-Met-CAT-4-1,188.29095,186.83945,251.13696,255.96718
tRNA-Met-CAT-4-2,281.0397,258.25208,155.28496,154.04114
tRNA-Met-CAT-4-3,225.05446,215.52692,240.5717,261.33395
tRNA-Ile-AAT-6-1,1064.7129,1179.6588,935.738,924.20734
tRNA-Pro-CGG-2-1,2814.9653,2627.575,3107.884,3157.1077
tRNA-Ser-GCT-1-1,1559.565,1618.0536,1922.5481,1955.0051
tRNA-Thr-AGT-6-1,349.39572,339.54642,593.3647,566.4517
tRNA-Val-CAC-6-1,236.59367,219.22833,189.28032,186.63269
tRNA-Ser-CGA-2-1,920.13104,844.9114,1099.7883,1149.0337
tRNA-Leu-TAA-4-1,126.2057,134.60422,127.25547,123.06457
tRNA-Val-AAC-5-1,4123.463,4292.051,4130.253,4227.3193
tRNA-Ile-AAT-9-1,17.845316,18.370687,21.003378,21.07372
tRNA-Ile-AAT-3-1,224.44852,215.8891,346.62915,321.01227
tRNA-Val-CAC-2-1,20522.607,22250.723,35997.3,36117.117
tRNA-Val-TAC-4-1,283.02353,255.80403,238.7353,237.66176
tRNA-Gln-CTG-5-1,20581.5,22030.062,24472.19,23804.145
tRNA-Ser-GCT-2-1,2120.4106,2203.078,2955.1987,3015.13
tRNA-Lys-TTT-6-1,844.8092,901.5187,2017.0087,2127.432
tRNA-Ser-TGA-4-1,4080.7737,3952.2087,3418.4424,3613.1018
tRNA-Ser-AGA-3-1,6082.0586,6653.6187,6464.8086,6246.8306
tRNA-Ser-AGA-1-1,4474.1875,4501.1973,4869.5757,5207.6904
tRNA-Ser-TGA-2-1,5371.188,5043.9316,5335.5776,5568.8027
tRNA-Gln-CTG-2-1,13119.423,12863.599,18690.193,19702.908
tRNA-Ser-AGA-4-1,3406.3472,3411.255,2211.8242,2238.2312
tRNA-Arg-TCT-5-1,2940.5447,2469.2422,11375.62,12893.753
tRNA-Asp-GTC-3-1,10577.454,9738.398,8308.275,7783.4814
tRNA-Lys-TTT-4-1,814.5126,747.10785,2015.7012,1971.3943
tRNA-Leu-CAA-3-1,507.6549,506.8649,533.9392,513.4048
tRNA-Leu-CAA-2-1,412.7573,414.77225,423.13037,465.70102
tRNA-Thr-CGT-5-1,2.2204845,2.2248635,2.1805654,2.1834538
tRNA-Val-AAC-3-1,8439.646,8744.592,5784.4033,5994.6646
tRNA-Ile-AAT-8-1,768.152,911.7074,1392.3286,1285.7173
tRNA-Ser-CGA-3-1,288.2123,302.197,486.8617,510.677
tRNA-Val-AAC-4-1,14121.366,14666.216,7816.424,7519.967
tRNA-Ile-AAT-2-1,274.0221,297.48456,448.7727,404.58722
tRNA-Leu-TAA-2-1,265.52008,235.15149,277.52835,266.78577
tRNA-Thr-AGT-4-1,77.95776,77.74746,69.11323,71.40272
tRNA-iMet-CAT-2-1,3148.3525,3185.1719,3771.5015,3766.2297
tRNA-Gln-CTG-6-1,5418.841,5771.2036,8220.213,8171.486
tRNA-Ser-GCT-5-1,2062.1472,2295.233,3870.04,3930.441
tRNA-Thr-TGT-1-1,405.1653,443.05728,483.2334,440.65753
tRNA-Leu-AAG-4-1,1186.3215,1269.628,1602.7722,1663.8534
tRNA-Thr-CGT-1-1,16.642248,16.538246,18.125673,18.294098
tRNA-Ile-TAT-3-1,359.7273,343.682,449.9035,420.54822
tRNA-Arg-TCG-5-1,504.63565,498.27628,489.45126,522.83655
tRNA-Gln-TTG-2-1,7277.9243,7448.68,10329.134,9130.137
tRNA-Ala-AGC-3-1,7881.648,7981.696,7568.5557,7668.511
tRNA-Ala-TGC-2-1,5272.7534,5452.3286,6498.3696,6564.982
tRNA-Thr-CGT-3-1,952.3497,764.247,1495.7899,1496.5465
tRNA-Ala-AGC-4-1,5351.876,4889.6973,5293.8794,5293.8164
tRNA-Ala-CGC-2-1,5266.9287,4500.7153,2274.679,2381.2786
tRNA-Ala-AGC-5-1,416.5211,426.35583,541.12274,555.19763
tRNA-Ala-AGC-7-1,1619.8022,1650.1519,1964.3997,2029.1543
tRNA-Thr-AGT-3-1,26.148207,24.405457,26.211304,26.450579
tRNA-Ala-CGC-4-1,261.34933,285.657,258.58725,259.69867
tRNA-Lys-TTT-7-1,7.192526,6.9331384,7.575469,7.7656984
tRNA-Ala-TGC-6-1,878.38544,824.091,770.3808,794.7002
tRNA-Phe-GAA-6-1,12.658899,12.046944,17.203445,17.263527
tRNA-Ala-TGC-1-1,3614.8647,3418.2207,2159.8828,2495.6338
tRNA-Ala-AGC-1-1,615.48755,642.59607,670.23846,663.2164
tRNA-Ala-TGC-7-1,179.4627,180.07553,279.57275,268.00647
tRNA-Phe-GAA-3-1,110.00996,101.4075,191.93336,187.72827
tRNA-Ala-AGC-6-1,281.45337,260.6511,215.31197,216.86336
tRNA-Ala-TGC-5-1,272.5674,285.7407,349.42966,368.20233
tRNA-Phe-GAA-4-1,691.5291,626.0398,318.52563,296.6547
tRNA-Ala-AGC-2-1,9741.199,8943.827,7883.899,8574.036
tRNA-Ala-AGC-2-2,846.6849,763.13135,624.40314,610.91486
tRNA-Leu-CAA-1-1,560.2162,579.62274,602.8797,626.4488
tRNA-Leu-CAA-1-2,465.27917,480.74887,549.56384,562.7847
tRNA-Met-CAT-3-1,394.94772,410.1175,696.7094,760.20807
tRNA-Met-CAT-3-2,284.7468,267.48645,171.80324,176.27794
tRNA-Leu-AAG-3-1,5107.06,5623.5146,8088.332,8319.327
tRNA-Ile-AAT-12-1,333.93353,335.7676,416.138,444.1076
tRNA-Ala-AGC-24-1,2.2045264,2.2040927,2.1708033,2.1865013
tRNA-Ile-AAT-1-1,363.4246,374.35806,454.01865,442.26254
tRNA-Met-CAT-7-1,2.0650318,2.0635734,2.0715363,2.0742824
tRNA-Ala-AGC-16-1,2.0409894,2.0409365,2.040804,2.0394952
tRNA-Leu-TAA-1-1,2535.7722,2670.1335,3183.673,3216.8162
tRNA-Gln-TTG-4-1,4608.3496,4637.4966,5108.326,5242.565
tRNA-Trp-CCA-5-1,1371.5421,1413.4639,1310.552,1196.3734
tRNA-Arg-CCT-4-1,3144.0183,3177.3574,4156.989,4552.505
tRNA-Cys-GCA-1-1,2597.6921,2669.1628,2638.1182,2767.512
tRNA-Cys-GCA-13-1,261.8943,260.2534,347.47638,358.58508
tRNA-Cys-GCA-18-1,67.23064,70.244606,73.19292,73.28551
tRNA-Cys-GCA-10-1,360.9273,374.14108,389.32462,406.28345
tRNA-Cys-GCA-11-1,771.2271,887.9733,545.11395,544.4715
tRNA-Cys-GCA-16-1,85.26962,88.244514,58.35254,62.75364
tRNA-Cys-GCA-22-1,147.59769,150.35397,176.77509,181.5406
tRNA-Cys-GCA-15-1,313.1364,306.6884,328.98834,340.5744
tRNA-Cys-GCA-3-1,206.91953,205.21638,194.0577,199.19882
tRNA-Cys-GCA-23-1,146.18166,151.19397,127.58421,129.65454
tRNA-Cys-GCA-20-1,116.57936,114.14089,123.30442,124.63706
tRNA-Cys-GCA-19-1,269.33704,266.6017,404.48615,414.58066
tRNA-Cys-GCA-12-1,36.664753,35.047424,30.14893,30.56856
tRNA-Cys-GCA-21-1,172.74571,183.23677,129.49442,132.85011
tRNA-Cys-GCA-17-1,262.11597,261.2331,189.3337,189.46503
tRNA-Tyr-GTA-9-1,103.810104,111.30523,121.76785,129.71716
tRNA-Met-CAT-1-1,2457.7712,2187.0933,3451.7444,3220.1328
tRNA-Arg-TCG-6-1,105.67653,105.430336,133.98189,134.20308
tRNA-Ile-GAT-1-1,112.93052,103.49396,166.8952,164.45204
tRNA-Ile-GAT-1-2,196.59248,194.05095,286.6281,289.0778
tRNA-Ile-GAT-1-3,120.32323,119.16504,219.96815,218.0309
